b_Price.ID,b_Price.post.mean,b_Price.post.sd,b_Performance_10.ID,b_Performance_10.post.mean,b_Performance_10.post.sd,b_Performance_50.ID,b_Performance_50.post.mean,b_Performance_50.post.sd,b_Emissions_40.ID,b_Emissions_40.post.mean,b_Emissions_40.post.sd,b_Emissions_90.ID,b_Emissions_90.post.mean,b_Emissions_90.post.sd
1,-0.116938080729578,0.124930727421722,1,0.227377884608637,0.0373691363361096,1,1.87703424955581,0.0682754252696262,1,0.953791990777622,0.940664739696995,1,-0.405491421054976,2.96835902230858
2,-5.66013400316487,15.4425184936058,2,0.22727666678644,0.037717676240694,2,1.8769718336443,0.0689537202914071,2,0.999951362228891,0.893490348323042,2,1.28369693648828,2.41001792630444
3,-5.82698965667523,18.6635495935403,3,0.226949544102308,0.0377213882148364,3,1.87790539875428,0.0685358375428452,3,1.08514685246047,0.857407533722142,3,1.1430186427823,2.4706673763348
4,-0.454142128656956,0.371922108359766,4,0.226908056032717,0.0378657167131673,4,1.87646618902765,0.0677829027689673,4,0.868530659096488,0.951602069356279,4,1.17311109602498,2.83603629939969
5,-0.627150360119598,0.482747445283689,5,0.226991225448042,0.0378098928913137,5,1.8740346236324,0.0683673971469769,5,1.17256130335324,0.924737707425877,5,-0.830145617836382,2.77614771515288
7,-3.15657116494355,8.86729609810943,7,0.226896101007107,0.038069354773426,7,1.87732870827333,0.067535089826713,7,0.938343621561794,0.94633950756465,7,-2.63410141559167,2.62929322353814
8,-0.124625738604795,0.125222785714468,8,0.226814681438933,0.0374064804136192,8,1.87693903247525,0.0686937683948204,8,0.809321494545067,0.951707793050883,8,0.149649635238487,3.00547431044026
9,-0.201816289098053,0.191019227252507,9,0.226829705955788,0.0375986890081038,9,1.87791473558304,0.0675949039343773,9,0.858859187038452,0.94986653619844,9,-0.284068298898425,2.96903246188745
10,-0.211934234014845,0.272449824586889,10,0.226775119793138,0.0376969637579943,10,1.87668343152119,0.0685580055876011,10,0.815244713968138,0.950975785607014,10,-0.263972971766947,2.95166258359584
12,-0.649464207266716,1.08426257446808,12,0.22696815205711,0.0378661150909532,12,1.87697382936226,0.0680687305601812,12,0.774912932398774,0.94645336285345,12,-0.680162482556018,2.88371278533953
13,-1.74481831866804,2.88454668036088,13,0.226986729105319,0.037627976182539,13,1.87631519460818,0.0683174599271291,13,0.445224458564457,0.955110410380452,13,0.125421528641049,3.02747054778913
15,-0.593672770434024,0.509770887686919,15,0.226296355033748,0.0372980273325378,15,1.87713403629872,0.0677446790462713,15,0.725524353526204,0.886211817037631,15,1.68416292390833,2.54213859099025
16,-7.173474547498,14.5201990377947,16,0.226424722949192,0.0364137948598149,16,1.8774546595101,0.0692393573898264,16,1.21242616289458,0.822572663742139,16,2.5750501834847,2.06954938254774
19,-0.43943986350209,0.458964308144172,19,0.226637286397159,0.0376415681057374,19,1.87769751936753,0.0683040835807805,19,0.664021370485062,0.952382992325801,19,1.43021108491189,2.79777538662911
20,-5.62405569393303,9.9067396372412,20,0.226757848942975,0.0382911282643004,20,1.87638451719012,0.0666933872072035,20,0.950140004172804,0.935980157338783,20,1.62669816454694,2.26999736843463
23,-5.88551905750717,19.4168228880616,23,0.226867377664598,0.0376671369365936,23,1.87679248772417,0.068401045563653,23,0.868978260598583,0.956539016303159,23,0.144300485594527,2.98596147900004
24,-0.766110888811353,0.98213910327639,24,0.226441535567857,0.0382648739872322,24,1.87723437614298,0.0680384137407962,24,0.468507024234272,0.981930252050466,24,0.958091637146285,2.69935362774679
26,-0.584784576699173,0.719870944797435,26,0.227410691955062,0.0381549488214945,26,1.87863281458195,0.0692531017541183,26,0.873661590661481,0.958558408794119,26,-1.88039333266583,3.14572358631878
27,-0.184855391076192,0.228201455446764,27,0.226911227603702,0.0372798892793038,27,1.87724779210242,0.0677186937143032,27,0.866906795615265,0.952609887144422,27,-0.618738258328066,3.00944962828709
28,-0.253188654178357,0.182683011608375,28,0.226961634768222,0.0374643232708629,28,1.87579154314582,0.0684984972174175,28,0.748306904505887,0.961673157891373,28,2.15944056619699,2.83665388107905
30,-0.12509023164057,0.127351911394271,30,0.226887930414862,0.0375908050951582,30,1.87606493310484,0.067993581153958,30,0.82591881059653,0.954250531461551,30,0.135063018695736,2.93712839883307
31,-1.44928298583496,3.50906765343133,31,0.227145232942239,0.0361081654483023,31,1.87619467289881,0.0681112930734112,31,0.182755144614267,1.10465021347047,31,2.0219739667667,2.51710256783258
32,-2.13181842508996,9.13677453215567,32,0.226968739008299,0.0375327161637218,32,1.87692963888608,0.0680020037085099,32,0.872655881230762,0.949354396834963,32,0.198061044175676,2.96755726782604
33,-0.140338425388432,0.143013520473571,33,0.227000737689881,0.0376918967608208,33,1.87666409873033,0.0677896323513914,33,0.861312715610798,0.952276655107726,33,0.0354022457524085,2.99914907293004
34,-1.11829948058306,1.04038133270387,34,0.226806498164242,0.0378063140086961,34,1.87751103101515,0.0678285475494678,34,0.963509427216955,0.931525846025185,34,0.150804554042654,3.0214028946945
35,-0.208084896114349,0.193150877295599,35,0.226987539524148,0.0375042078102246,35,1.877001794918,0.0683177957417453,35,0.897793061610267,0.946068567881157,35,0.129983657823884,3.00208034722911
39,-0.165687236543478,0.173083162240626,39,0.226916052658468,0.0376292244952674,39,1.87660491236861,0.0684321948150361,39,0.864143875878879,0.950673948547301,39,-0.0742826530404782,3.01371006035585
40,-0.452515385274011,0.511996846485535,40,0.226403194687762,0.0357979849186851,40,1.87919881579242,0.0661694810242738,40,0.878569115377153,0.957323803493151,40,-3.28064227248537,3.17477426317233
43,-6.76565605274267,41.9436764317611,43,0.226805036532446,0.0375086832862566,43,1.87720305378684,0.0683937251304695,43,1.07747005527432,0.882856882789571,43,1.17558227108521,2.5603453409918
44,-0.119212471206435,0.129035850697993,44,0.227072678985956,0.0376449832026046,44,1.87698570854114,0.0686782186958918,44,0.822234604064569,0.948153135603695,44,0.147312114883189,3.01733585427641
45,-0.273170678454707,0.333043032177605,45,0.226914250974138,0.0375335246700413,45,1.87667127856655,0.0681870402842732,45,0.859310757468955,0.951008722384521,45,-0.0700499026552974,2.98546840478426
47,-0.385870745942494,0.341851529548465,47,0.22650149164096,0.0378889718127392,47,1.87693827038339,0.0683288738475456,47,0.950997514796394,0.90723919719401,47,0.118464348775179,3.02930996745559
48,-1.32431981800922,4.08140793904378,48,0.226364780757558,0.0372557072510919,48,1.87772985424658,0.0666266315748021,48,0.534603111910516,0.964839512751129,48,1.08490566585378,2.72348567578556
49,-0.175706985282373,0.198554493906657,49,0.226863101416955,0.0376136148291094,49,1.87683522554458,0.0680240852908927,49,0.836040731580873,0.956354696664025,49,-0.267724285826659,3.02623971834147
50,-0.190359926833716,0.219802289992968,50,0.226731646444257,0.0374003018617796,50,1.87688191167179,0.0678322193199787,50,0.845257305356684,0.947421824984617,50,-0.134844140512088,2.98332926190991
51,-0.508658543513063,0.239159839500572,51,0.226918337646075,0.0368571324496462,51,1.87546045789353,0.0671324229514772,51,1.15670724016037,0.916456919001603,51,2.93766418502672,2.42184748611267
53,-0.257149317257335,0.200077150731897,53,0.226915453967248,0.0375313911916307,53,1.87608243385475,0.0683119391587056,53,1.07265163525031,0.941184821604332,53,-0.820033323044095,2.90051780660358
54,-0.210294604911847,0.183295323207015,54,0.227239592677329,0.0381429638993438,54,1.87642940623843,0.0690861653884643,54,1.01366992328444,0.944241396877975,54,1.74447427220578,2.82764748009372
55,-2.46468006376905,8.07834221014443,55,0.227033494351031,0.037630810560513,55,1.87696483844606,0.0680003691057016,55,0.884337437223971,0.950171654715033,55,0.152555928609667,3.02701828892762
57,-0.170649886800674,0.16805725228864,57,0.226999868836487,0.0376364910416433,57,1.87687080311635,0.0679482621190141,57,0.769145440236442,0.957776961457054,57,0.133737121298415,3.02843337360962
58,-0.08090387803869,0.0798886162288155,58,0.226930574408141,0.0374637128739271,58,1.87698933671164,0.0684017644165743,58,0.870361491090016,0.949519102227789,58,-0.042713841562282,2.9952583594155
61,-0.202104155288562,0.191026002172593,61,0.226933932767251,0.0374388655206295,61,1.87760090864181,0.0681043656609605,61,0.835195932511427,0.951105519833185,61,0.138927614199389,3.01051198031466
63,-0.119752937027554,0.12806532631699,63,0.227031409768847,0.037732817042708,63,1.87703105684749,0.0681175840931599,63,0.854457999837615,0.949105153744652,63,0.138624295164605,3.03572513989893
65,-3.68829175151275,11.3680562192058,65,0.22712624569512,0.0375902214326557,65,1.87705294485876,0.0686825054536083,65,0.967612324627061,0.915952729517846,65,0.961752903391154,2.60858853386991
68,-7.3941620603959,24.5764730331137,68,0.227630579814449,0.037707442761173,68,1.87707211168581,0.0681812797381931,68,0.864892837661636,0.940205925379744,68,1.63968106662248,2.3279301476353
69,-9.03966821075222,38.9773204110712,69,0.226959204495838,0.0373603371579719,69,1.87724656017793,0.0683218719524978,69,0.930535936678376,0.928378750432917,69,0.152611417717712,3.04054396997316
70,-0.153139012357858,0.148031121221061,70,0.22706535827182,0.037456659325708,70,1.876765215373,0.0682049861017622,70,0.855264755683248,0.954835163213212,70,0.147161250193702,3.02870825831922
71,-3.50215056363927,11.1249169755501,71,0.227179668892104,0.0376995417891426,71,1.87714119281568,0.0674670489212568,71,1.00574778165296,0.903810389707882,71,1.47976139202339,2.5675849301605
73,-0.169936913567544,0.179600296939237,73,0.226883968517071,0.037688033322426,73,1.87645302223913,0.0678646694436265,73,0.862223269492159,0.950406168644483,73,0.14859017099111,3.02983270152479
74,-6.69052955394564,14.6007019878675,74,0.226964652988866,0.0372593763198455,74,1.87767305964424,0.0675634951737706,74,0.956325295570511,0.932817345165825,74,1.64706033727566,2.30737654865236
76,-0.212969172293228,0.252040655356303,76,0.22704694897816,0.0374531626560954,76,1.87695557524401,0.0680313755880711,76,0.814825930711183,0.954655640214696,76,-0.134542409980454,2.98347010945734
78,-0.123160151631117,0.1268638426496,78,0.226882920768264,0.0374816267086267,78,1.87684284673168,0.0682351175496788,78,0.858104504895856,0.949569378322223,78,-0.0655534710558894,2.98827625929507
79,-2.4852968509345,7.38972894221473,79,0.227119160847037,0.0377419616289474,79,1.87692049789601,0.0686248728185634,79,0.881791326481223,0.946386524296317,79,1.31774047770437,2.6322164556641
81,-3.92577467223284,13.3803700309481,81,0.227099238320587,0.036904567493552,81,1.87684061514476,0.068493285488601,81,0.906734678157359,0.947704124634368,81,0.962883876353248,2.64258511264867
82,-0.51868047792495,0.354193967225029,82,0.226903422558556,0.0377985857436539,82,1.87841618755614,0.0689952223465878,82,0.859948671122172,0.943102681315521,82,-1.288532618605,2.86120418390998
83,-0.187339701874942,0.257776725783598,83,0.226606692114642,0.0374801244902945,83,1.87692885457035,0.0683335283986439,83,0.801787428828447,0.948986001502461,83,-0.698997594516189,2.96082653613199
85,-0.117466513649557,0.110294999609013,85,0.227189894314607,0.0373075347958526,85,1.874696476932,0.0678630574853967,85,0.873794199878327,0.948358359030726,85,1.84550796330988,3.07160862604728
86,-4.38345727103299,12.6278511573615,86,0.226774749934679,0.0373474146479996,86,1.87733962334374,0.0680320700342379,86,0.878111610289851,0.946163330445258,86,1.26977139476405,2.47614814566956
88,-2.25756059473705,6.81332688927792,88,0.227329636322612,0.037934904629608,88,1.87629903089599,0.0689039294745753,88,1.06610070063076,0.91483786017013,88,-0.912731455153811,2.60233947348984
89,-2.976208838239,4.44716249900878,89,0.227521647060106,0.0370626796233107,89,1.87467609642575,0.0678466445547062,89,0.561261151203393,0.875223231790213,89,1.80027381791901,2.32524939230281
90,-2.42446630306089,2.8745548215381,90,0.225985571820782,0.0362386080809741,90,1.87478898717553,0.0654024117275557,90,1.35003306955863,0.867787533956714,90,-4.07596903299272,2.66959140614967
94,-4.2915813897382,10.2156339386092,94,0.227234740863901,0.0376842498517764,94,1.87693496878297,0.0686090253895646,94,0.866932798379092,0.956253527852932,94,1.92576929622711,2.4478337938358
95,-0.177358699994687,0.240965497987022,95,0.226882870446642,0.0375228364219995,95,1.87656604951429,0.0682384230291904,95,0.820946955885412,0.954976027453708,95,-0.507932677300396,3.03312310792591
96,-0.195033173826027,0.194078155931803,96,0.226970758162376,0.0377407353414702,96,1.8774971334677,0.0677873090332466,96,0.845104475383543,0.947005427392871,96,-0.189425857170289,2.99421804672173
97,-1.14830288104071,3.23445561665507,97,0.227044877602438,0.0374882821849155,97,1.87703149902962,0.068091034933054,97,0.858192651753986,0.949394032535389,97,0.0833250789404259,3.01758559240802
98,-0.335845331783658,0.287288535970504,98,0.226591492698716,0.0372855768874805,98,1.87637056115777,0.0685088778060809,98,0.99251251981012,0.942626125634664,98,1.25397962909519,2.88683980838134
99,-6.73713717083623,15.6313339893311,99,0.226917905091558,0.0371204879760753,99,1.87685996061331,0.0679485422197986,99,1.17427322082661,0.846329295625635,99,0.648643822851775,2.73029010718555
100,-6.92267995364645,44.3622124614615,100,0.227057256782323,0.0376972293514579,100,1.87792582833113,0.0683925558038925,100,0.866736526228371,0.940410055485383,100,1.47331913963702,2.33657238301918
102,-8.2305528502074,18.5803466579092,102,0.227422349058324,0.0372923896223298,102,1.87716316648288,0.0680358373837723,102,0.880011533147231,0.958237919963837,102,0.611924449924813,2.674501306634
103,-1.26801913597975,1.23951338287293,103,0.225811615655167,0.0379439229978739,103,1.87888124828003,0.066116889949492,103,0.54274286019309,0.952067298794882,103,1.92900561388964,2.43107757036826
104,-0.65998131167487,0.508303482878659,104,0.227203733071552,0.0376871437620969,104,1.87625295025862,0.0676580804014554,104,1.10191769744821,0.932269610780965,104,-2.26487015394113,2.60995875464981
105,-0.115526275839406,0.0996034718005475,105,0.226685047618142,0.0373628262680794,105,1.87713227054616,0.068161329712571,105,0.790249447323672,0.950969777550645,105,1.18826652082854,2.96767847645481
106,-6.79931888939072,15.2976547921804,106,0.227378035780707,0.0365434205679806,106,1.87770114777145,0.0691679541813039,106,1.06266755722091,0.867929142546029,106,1.40512868272496,2.38504674214656
107,-0.411253754204605,0.347824906531498,107,0.226923791459872,0.0375497391255453,107,1.87793471688769,0.0679613684148152,107,0.869880365391866,0.956728337089523,107,0.136677337906628,3.04257823668044
109,-5.65474531399717,18.7759260078908,109,0.227115716840035,0.0376453505400371,109,1.87682394339012,0.0678311315476211,109,1.07040135091279,0.86527902698988,109,0.158121286514825,3.01483555485373
111,-0.0851719726572938,0.0830298138758295,111,0.227002567547583,0.0374519524153975,111,1.8767077459183,0.0676434972475277,111,0.822180552672421,0.9503486186867,111,0.135485101787587,3.01204416413088
112,-0.25748640339046,0.374790978850386,112,0.22689719640816,0.037687079805873,112,1.87695870163414,0.0681823607622822,112,0.800950307934661,0.949489326324871,112,-0.368277738055405,2.94147311309692
113,-3.81179666445232,8.86631986925482,113,0.226585741364505,0.0361002843487284,113,1.8753678038772,0.0679025416803299,113,0.975687015383197,0.938005745153407,113,-2.86444889531701,2.41941853943401
114,-0.104562679679824,0.108978501304537,114,0.226923513382138,0.0373645390113368,114,1.8768219676647,0.0677090245312976,114,0.82929485567192,0.944107731744046,114,0.415235673162063,2.97527318255672
115,-0.231999923303488,0.202298301626663,115,0.226958519592874,0.0374801516029608,115,1.87697156339133,0.0684474284559221,115,0.871364636542321,0.951412519831536,115,0.149120742350292,2.98639884001151
116,-0.0713379252631941,0.068841370851147,116,0.226874856896107,0.0378551884069952,116,1.87694281440597,0.068467423497789,116,0.840564544183141,0.951453368828382,116,-0.122461618485687,2.97732035115779
117,-0.895800125928944,1.16323408240287,117,0.226284602093198,0.0377824463984514,117,1.8769443659746,0.067346709507473,117,0.793390844191679,0.948192178644869,117,-0.531665196140869,2.79432266773378
118,-0.490602414685164,0.562986636711086,118,0.226997572994239,0.0374614431691208,118,1.87699503108146,0.0678656684190193,118,0.871472174134513,0.955572891882142,118,-0.568049089712791,2.92365094893617
120,-0.937184391306385,1.33592027262386,120,0.226790357402576,0.0375739595848212,120,1.87691140651941,0.0679447909856537,120,0.642919533009512,0.972915863873128,120,0.148480648142102,3.02396645729006
121,-0.250983459134895,0.229114789585887,121,0.226820217278057,0.0377432735517607,121,1.87696922851384,0.0677658136045807,121,0.817687807026053,0.942796358605453,121,-0.695111161148645,3.00250875391153
122,-0.391768882351189,0.450842381989753,122,0.227197918770528,0.0372697912534784,122,1.87706046771657,0.0683236995121383,122,0.663937753517323,0.976371373220718,122,0.140048772520669,3.03194214169179
124,-6.75197122152575,17.9329573251718,124,0.227177070735511,0.037595885863945,124,1.8766475741727,0.0674054661179725,124,1.05608742943455,0.886140512382883,124,1.57288699016905,2.27616866531837
125,-2.22209230914205,4.05429525030638,125,0.227446571856023,0.03703613818322,125,1.8770947081742,0.0685413033279678,125,0.416581952814164,0.923558419807215,125,0.872551670330581,2.61777564504928
126,-0.129744594255139,0.115994208113006,126,0.227013800656696,0.0378569950066722,126,1.87618221675905,0.068031978026967,126,0.799039002001173,0.952808934014647,126,0.768792456815818,2.98100486233527
127,-0.308719175592865,0.187438325932491,127,0.227143606531818,0.0371598024295167,127,1.87678180977043,0.0677985607913331,127,0.868901738829723,0.94892246360678,127,2.13703814203722,2.73074035925697
129,-6.66766792118405,16.7597509048002,129,0.226907714024832,0.0379046599343212,129,1.87767958209217,0.0688714852612383,129,0.878282540486923,0.950151299199011,129,1.26016357384559,2.35459287401542
130,-0.208370184602998,0.206852319114059,130,0.226886947805747,0.0376289969155685,130,1.87678265715133,0.0684800437518169,130,0.987778580505596,0.948550617487192,130,-0.163427310005361,2.95673451530298
131,-0.119762163340539,0.112315163318072,131,0.226946747827565,0.0374974191341006,131,1.87672803587584,0.0686617804779897,131,0.81789845890604,0.954704806236375,131,0.139193338697905,3.00535066783874
133,-6.0931722207602,9.01173476361567,133,0.228659935793351,0.0381814708758126,133,1.87756367478293,0.069504119779532,133,0.873815512758666,0.941722993355019,133,-1.91979684801281,2.17288010067109
136,-0.202825990437792,0.191503020450343,136,0.226832496230773,0.0380342764679964,136,1.87617249818611,0.0680692382378813,136,0.810418180769279,0.943516148096263,136,1.20375100827922,2.92780213669633
137,-0.140298959272944,0.146095124854092,137,0.22690164785909,0.0377444122667173,137,1.87706950267549,0.0679458970031363,137,0.854215038527357,0.948891830378311,137,0.0209116500806983,2.9922130250589
138,-0.0978761770174741,0.112035524438658,138,0.226889102595512,0.0372123877609816,138,1.87674221680617,0.0681096278002188,138,0.847745040063923,0.950755737774202,138,-0.42386698827675,3.02163114460158
140,-0.207262320733355,0.257290348854602,140,0.226794119323279,0.0376492393738434,140,1.87670954242629,0.0680764281635572,140,0.834860571703516,0.946076386488713,140,-0.217129368162278,2.97077320830741
141,-10.3570477370758,29.1558589629473,141,0.226734153600798,0.0376683731259547,141,1.87745757269588,0.0678754412417626,141,0.924846542653094,0.93126864200463,141,0.144071456664215,3.02408715632078
142,-1.03729761129708,2.08451353215146,142,0.226770955907798,0.037991342560987,142,1.87779201633771,0.0680176976462258,142,0.659597533068126,0.953510707195411,142,-0.98348569807913,2.66529838100367
144,-3.59762565885295,10.7000058935663,144,0.226922080319935,0.0377950386156858,144,1.87706581037538,0.0684117284619584,144,0.872424069333164,0.950978388628914,144,0.501266294966968,2.80053025340244
145,-0.203506635245796,0.170217074024049,145,0.227115089813017,0.0379637489698035,145,1.87694344387785,0.0683293929772704,145,0.839244494084735,0.949433075520962,145,-0.31543219295461,2.97472493853232
146,-2.12152328940696,11.6073826719988,146,0.226879137104399,0.0376064669522594,146,1.87732917880688,0.0681218303475491,146,0.872107619535534,0.951031772436268,146,0.143076412432229,3.02660442112564
148,-1.69151703634882,3.44374986625243,148,0.226639133320573,0.0379793073750877,148,1.87621388653057,0.0673242908566045,148,0.431822639490584,1.00911884531441,148,0.122144057992921,3.03607679627908
149,-0.243038761206974,0.262919577704098,149,0.226876582598438,0.0374916869304386,149,1.87520677669667,0.0691122372950061,149,0.979021071209224,0.941493245504011,149,-1.27588615732529,2.98436264122996
152,-0.591184068481774,1.85951210954135,152,0.226505477318537,0.0373537805800974,152,1.87695181883317,0.0681224525332221,152,0.899399038146644,0.954132940006554,152,-1.17676139913366,3.235739556334
153,-0.20296591237122,0.196451046340478,153,0.226701703839254,0.0381603800207267,153,1.87652210153194,0.0676720614723169,153,0.820668489437719,0.941854289189039,153,-0.808096938349955,3.02007458024066
154,-6.18542301187563,16.9928885774284,154,0.227054197277644,0.0377298539028178,154,1.87699765008326,0.0684513726212749,154,0.950386927112979,0.927326389252597,154,0.672358598086239,2.66387335620363
155,-1.52565632183614,3.43443827769781,155,0.226928647289234,0.0378953154431205,155,1.87702631365806,0.0676871210220156,155,0.631219915682152,0.949121818869523,155,0.137546923856749,3.03458190720768
157,-0.194119122464396,0.258911259612433,157,0.226934028345609,0.0374462148206935,157,1.8765334657728,0.0681652690762428,157,0.830251158772238,0.953412950860723,157,-0.403141891208227,3.00582383267211
160,-0.141206980190315,0.148887476772116,160,0.226764902205863,0.0378074207661775,160,1.87648919253237,0.068172397808201,160,0.963621145214826,0.94881489483651,160,0.139194124919257,3.0687713545203
161,-0.140233648802747,0.157100590314172,161,0.226950638515131,0.0376745296602369,161,1.87680541798917,0.068078029259947,161,0.869340397606928,0.951317181951264,161,-0.0840955124250533,2.98290905047828
163,-1.23526326724907,1.56296228630354,163,0.227460617348087,0.0375919912849578,163,1.8770172646957,0.0675337653938995,163,0.720643481237683,0.9311795720046,163,-1.60463701543299,2.50749424091042
164,-4.98074650000806,10.1421803164631,164,0.227002120185149,0.0376522531180403,164,1.87701784606701,0.0690397139702756,164,0.924370201958694,0.922666938532945,164,2.33631730649968,2.13185981212732
165,-0.830434681362544,0.502096694408222,165,0.226509688120836,0.0364552295641196,165,1.87723002870901,0.0680286195672132,165,1.50302163269864,0.882283825464177,165,1.04360941472058,2.66218279693057
166,-0.247479120645256,0.206055534070273,166,0.226690353770915,0.0374557385299488,166,1.87667620311729,0.0686897481845393,166,0.797746746220279,0.944810937944181,166,-0.783335078288212,2.9725101212559
167,-7.50162719483393,18.9730121236079,167,0.227233031722445,0.0376918501451948,167,1.87660415513639,0.0676769530107401,167,0.871976509173302,0.951697501727474,167,0.148143023742447,3.00397327258841
168,-0.23752509252242,0.215690979147585,168,0.226982697230321,0.0378049059962934,168,1.8771370417152,0.0679594868337246,168,1.00184978510477,0.941057252364181,168,0.146843311677608,3.02604626225766
169,-0.130810092995527,0.146694252715085,169,0.226821818271007,0.0377411269316326,169,1.87693183345946,0.0685083938294591,169,0.847109502985482,0.953305614126297,169,-0.397512357995632,2.97503474256028
171,-0.678744172453665,0.436168925088809,171,0.227506824452421,0.0377920699788364,171,1.8777240548026,0.0688166049163076,171,0.863136084554226,0.955721225071838,171,2.06612672725878,2.49500386082399
172,-0.110346277972918,0.108909311905074,172,0.227048826416985,0.0373947438334427,172,1.87698765396436,0.0682439482428625,172,0.862435048218022,0.952212892975318,172,0.00124801699171036,3.00976363138753
173,-0.589630263927461,0.438227035332212,173,0.226691907714941,0.0377951260249737,173,1.87732072010664,0.0685440983073172,173,0.723721100560529,0.956761522854607,173,-0.492300366672571,2.7468719030979
174,-0.45056587013186,0.421612342504484,174,0.227065727011227,0.0376252944851774,174,1.8774762355805,0.0683558958579365,174,0.71967394202913,0.959249498970842,174,0.15583907350837,3.0583436045921
175,-0.227830335072109,0.269108204305197,175,0.227058432789588,0.0379171256766208,175,1.87643902297824,0.0675457604622599,175,0.778336902018045,0.956744918429122,175,-0.721617880327294,2.94309195067498
176,-3.13484478167691,7.41509854931684,176,0.226795406099543,0.0371317469934886,176,1.87781730114648,0.0674129794452399,176,0.391070135390214,0.920433850800661,176,0.160327894901803,3.04347570435934
178,-0.891313600713228,0.748386899325892,178,0.226893976722056,0.0372239258118943,178,1.87683837679276,0.067998563285727,178,0.963284675277147,0.9242997886112,178,1.26423977108612,2.55573928297564
180,-5.56696838788176,11.2731099402515,180,0.227170142992247,0.0375853781495855,180,1.87758145439773,0.0678944669414233,180,0.874525541176492,0.960942721246194,180,1.10589507533967,2.48948732504077
182,-0.21402732155047,0.253715966795381,182,0.226952484967831,0.0374917342781824,182,1.8766862452322,0.0683336619027587,182,0.860846675179473,0.94712698987299,182,-0.275930280582655,2.987550021085
186,-0.126684661825051,0.135019092098884,186,0.226878373660055,0.0376823523978906,186,1.8768809254184,0.0677509256328608,186,0.834343363115701,0.946726088489912,186,-0.172840816543123,3.00101999980224
189,-0.520731103668094,0.374253459613741,189,0.226914815469812,0.0383209773508762,189,1.87557705710916,0.0685392595286313,189,0.670690753295017,0.949864949065901,189,0.229787088735938,2.47507078157324
190,-2.50863275295019,8.03666700215741,190,0.226760406201842,0.0374202009744308,190,1.87730275603406,0.0674818942114406,190,0.930095373591271,0.919784305967422,190,-2.31974889549185,2.6998468060836
192,-0.690629207894902,0.51178455692772,192,0.227221540287236,0.0370970681216978,192,1.87648656578092,0.0698717858464188,192,0.575133414669479,0.965546503262482,192,1.0101653663085,2.69872785166724
194,-0.648926283326566,0.497193659975238,194,0.226787708134917,0.037470229801384,194,1.87601621041444,0.0679897402665636,194,0.919592319753302,0.948642265920417,194,0.912009562539643,2.81777243440837
195,-0.139420647509348,0.143195773329326,195,0.227030328688953,0.0375124139926883,195,1.87676474310826,0.0680667734695768,195,0.857198984838949,0.95030385195935,195,0.00612400375970018,2.98162522965854
196,-4.93333500656548,12.5092470069776,196,0.227043143031142,0.0378899968290497,196,1.87782665912328,0.0683958186172697,196,0.932645266497472,0.937432804595767,196,1.37584674221812,2.40128116849435
197,-4.17457318459981,11.0536222845258,197,0.227116718194678,0.0373053415821902,197,1.87669680624078,0.0673380113358271,197,0.964881766573927,0.912003117200899,197,0.48276081281407,2.80150397451124
198,-0.357628591860931,0.471977073449026,198,0.226971337405703,0.0377504502926229,198,1.87719262955198,0.0681404884247052,198,0.968078017146756,0.943065404274921,198,-0.292344157093035,2.9721526227563
199,-0.456339479744676,0.40605979292307,199,0.226768942958592,0.0378073903490685,199,1.87697585463152,0.0683276596373637,199,0.671686797566516,0.957457098169299,199,0.162039495406245,3.02714053652716
200,-3.53203389619914,9.27438999393811,200,0.227295143812897,0.0376180096217613,200,1.87667715319942,0.0683126369365129,200,0.926695358383583,0.922437823543151,200,1.092812074355,2.59467454602853
201,-0.118073169942559,0.108954419942181,201,0.22694699891241,0.0378000206590633,201,1.87635591084894,0.068278609544048,201,0.946156156890918,0.94155198439658,201,0.153244279458604,3.02809523194379
202,-0.359550250742974,0.315384081373287,202,0.227064202151272,0.0374345640990444,202,1.87772531830133,0.0681090653052683,202,0.868845753280508,0.952819695857327,202,0.114181807904571,3.0142741181139
204,-8.38892733564646,28.4214455846832,204,0.227970898148277,0.0379737219481478,204,1.87699277993927,0.0685987513088963,204,0.871014074184855,0.937181973972335,204,0.574201411395634,2.69770147478787
206,-4.83042495448477,12.3271854397817,206,0.227300330852801,0.0375110350590389,206,1.87650494928272,0.068073039912131,206,0.995323669430042,0.915623029071865,206,0.132322978931199,3.05842377094379
207,-0.123180470054969,0.116148783772264,207,0.226727643906502,0.0378419297300254,207,1.87680568068654,0.0682351383262013,207,0.827287567723895,0.951868892337838,207,-0.354648689973666,2.9779396262841
210,-0.135377423624916,0.131604063371432,210,0.227192746866268,0.0375491817908568,210,1.8765405542139,0.0683717321284605,210,0.832342187013562,0.95049525330379,210,-0.0101648144058802,2.97730135041447
211,-4.93742386581684,37.8212872151543,211,0.226904603095555,0.037456111222407,211,1.8770631364504,0.068344329065143,211,0.917717186499775,0.945927805828941,211,0.151954094500167,3.01223334442465
212,-7.78854823645085,16.6459276031059,212,0.227500796854846,0.0376867775875506,212,1.87696903896233,0.0685676271589014,212,1.09109305101513,0.859813939047856,212,1.52020220185335,2.19726614162072
213,-0.190116708292825,0.173721444990347,213,0.226447144370687,0.0376733121773153,213,1.87705405549576,0.0684522156319078,213,0.816412625604086,0.946022434372515,213,0.958069005701148,2.92109891028296
214,-0.263709878067735,0.220988867106204,214,0.227031786105869,0.037553684282264,214,1.87709069205454,0.068145897574314,214,0.872253674687716,0.949211033251233,214,0.133398908679847,3.02317391710437
215,-0.116581001777541,0.124889164578468,215,0.227000322157916,0.037606250821591,215,1.87703681289909,0.0679491499348168,215,0.837332616424775,0.945413404909572,215,-0.134202541396033,2.97492038768334
216,-0.243198333188457,0.329066912203096,216,0.226965146659475,0.0376239462173548,216,1.8767322197173,0.0682051137264114,216,0.854241100485058,0.953517909423471,216,-0.301679252414641,3.0203546812995
217,-7.43333512190427,39.4929605003316,217,0.227761277220105,0.0394758918273882,217,1.88041331221948,0.0697463354006248,217,-0.181564429505921,0.811574880286582,217,0.99179291255776,2.50662333458417
218,-0.692052384835216,0.294361967819796,218,0.225774219063831,0.0377546475810438,218,1.88263650646996,0.0677481387977408,218,1.98216431163761,0.884036623261424,218,2.81685892717435,2.35643522051313
219,-0.17656096569637,0.184416812216642,219,0.226902782542695,0.037824587985896,219,1.87727618424273,0.0681518064129944,219,0.87531239520445,0.957177074420672,219,0.452558087762263,2.93659905621149
221,-0.0966729001104072,0.0972399896877807,221,0.227089767604095,0.0374904258636619,221,1.87683035076409,0.0683687141565287,221,0.870568514525333,0.945767426949077,221,0.0154461864555526,3.03636468010542
223,-0.339912310472814,0.378363605219097,223,0.226721189741534,0.0376392988951049,223,1.87689753388181,0.0677414617086378,223,0.643852850615917,0.975194646026032,223,0.700101037722862,2.91144923395774
224,-0.372771635908525,0.543161375994419,224,0.226918032038282,0.0376276976881277,224,1.87685289373087,0.0683887614676218,224,0.853651775862222,0.946717544209595,224,0.0261111948796266,2.96386203008096
225,-6.80801523877455,16.2803155249654,225,0.227632322430161,0.037431830564734,225,1.87715347892808,0.0678868314012252,225,0.876458294313084,0.947019170584076,225,0.602286887331933,2.68631553587687
226,-0.118403450621181,0.121288120659844,226,0.227109941120886,0.0378025833072681,226,1.87667232793281,0.0678901355306953,226,0.846812408064873,0.955553905618422,226,-0.0471109263284951,3.00323120938003
228,-0.181827428080824,0.183331037230592,228,0.226761511544891,0.0377357458120721,228,1.87728749309781,0.0684780344061837,228,0.81956213990726,0.945147051990596,228,0.572804011308973,2.95598446289074
231,-0.1837660352826,0.193950131961793,231,0.227026348369585,0.0375803296332308,231,1.87670151928456,0.0680618947377456,231,0.854947175368088,0.948353836038489,231,0.0595817515467632,3.00046323422747
235,-0.239648480176742,0.298627154236615,235,0.226836366523363,0.0373160800392714,235,1.87656111317341,0.0684611113682174,235,0.83601452475078,0.951208314258564,235,-0.193194524801353,2.96986637014435
236,-0.185547726561332,0.20392178796902,236,0.226953791564034,0.0377078840028459,236,1.87723947407043,0.0681186949432627,236,0.856133895462646,0.945910446111936,236,-0.0668391513593091,2.99960744704322
238,-0.0959833260372388,0.102410794533733,238,0.226590544970396,0.0377102244438016,238,1.87693509370333,0.068072627134191,238,0.873449241688108,0.951376834745095,238,-0.303941144519767,3.02488304298601
239,-3.5900262017978,11.4427803544174,239,0.226944950199718,0.0375895018242751,239,1.87714080824521,0.06792340364556,239,0.909978446778518,0.94423348035736,239,0.143274016614874,3.02051013873351
240,-0.797812410327685,1.13541639510292,240,0.226550896562447,0.0374109312840038,240,1.87702720237596,0.0680809144625644,240,0.34250998257953,0.999813377173071,240,1.08064474816283,2.66663358980694
242,-3.60455994882344,10.9125408225602,242,0.227175551162128,0.0376830021202856,242,1.87680858576052,0.068259659197348,242,0.906460853528866,0.942807075376033,242,0.441979351728348,2.84688275796214
246,-4.56682269977085,14.9923463450306,246,0.225463294412887,0.0360991331412178,246,1.87974860560484,0.0695449642200811,246,1.31184633977517,0.91100308532052,246,-2.81646771274573,3.00353284772268
247,-0.248689276961883,0.210466741707619,247,0.226800111870237,0.0374358031113783,247,1.87689503107338,0.0688215552380424,247,0.872292848359246,0.954001753851253,247,-0.407316828140262,2.93393255087307
249,-0.754811021372514,0.942871624799128,249,0.226835345425881,0.0375134482718266,249,1.87707054336139,0.0681625672342099,249,0.987913213231146,0.930362140281661,249,-0.752275072635987,2.77728414714184
251,-1.62221627941918,1.29832272231909,251,0.227303512532395,0.0374476665689329,251,1.87789624945758,0.0686789042417164,251,1.20198125392314,0.876380367098652,251,1.44221922786356,2.46945577328014
252,-8.03266541834005,20.6601043602358,252,0.227095931213448,0.037669492489694,252,1.87749280582105,0.0679025457404959,252,1.26145684622616,0.803248172110233,252,0.603774289066138,2.73290831389212
253,-1.33110019230295,1.11720102217815,253,0.226521576650416,0.0374437986050136,253,1.87723788781467,0.0682122945651457,253,0.909612228146402,0.867830910893614,253,1.51768545979806,2.54068141180009
254,-1.03651088037327,2.41570201050433,254,0.22706591541985,0.0375655561178393,254,1.87694618805353,0.0682265876730765,254,0.859021621271096,0.948494874534844,254,0.0534985790793863,2.99595690252694
255,-0.208204041327214,0.202337950742882,255,0.227054662726768,0.0376110735099562,255,1.87663939845488,0.0683117931101537,255,0.870149830578559,0.95250074089364,255,0.152730611382665,3.04674071176757
256,-1.36704623943777,2.06906609102642,256,0.226966956469606,0.0378065958194086,256,1.87764762552721,0.0672772039980626,256,0.919100985307976,0.943455196187917,256,-1.75584607638039,2.99127720348638
258,-0.133681535509597,0.134777152881553,258,0.226955582650958,0.037395622335298,258,1.87726668125727,0.0683537290292077,258,0.811150812148673,0.953893098031368,258,0.96987084648906,2.99943124919104
260,-5.35003114455378,10.7586798912359,260,0.22807214891343,0.0389759224607905,260,1.87489007718193,0.0683851497879763,260,1.10003572686933,0.877772375614791,260,-3.2352986201182,2.23509434222435
262,-5.16105675244115,13.9081339910592,262,0.227058593015349,0.037368020194413,262,1.87705261434382,0.0680816597280459,262,1.09909525067686,0.861531843520272,262,0.569718465783926,2.75976846825767
263,-0.952848664872707,0.74258366357966,263,0.226689945518621,0.0378381677685089,263,1.87825695231581,0.0686593399013709,263,0.683207224376673,0.91896664269437,263,0.13004522822036,3.00166329975658
264,-0.0759972148471107,0.0811176395152158,264,0.226762827861988,0.0378565775358058,264,1.87683476725892,0.0680894697169167,264,0.867508865097625,0.946422172202889,264,-0.138742483542853,3.01671649949726
265,-0.241879502685121,0.192657840786941,265,0.227122915633815,0.0375556872480706,265,1.8755105223813,0.0683563921758062,265,1.04696246995042,0.94019292012335,265,0.933196305438573,2.85415900425111
267,-0.400384922911114,0.487425320424413,267,0.226999538855826,0.0371471454975871,267,1.87623394957597,0.068452891341888,267,0.937485380014628,0.937883533684893,267,-1.18624788393586,2.96008627218653
268,-10.507478542383,16.0600408144112,268,0.227097136286504,0.0375774947393452,268,1.87845527795923,0.0674699717070919,268,1.22012715380422,0.774063004444788,268,1.21431816217304,2.25775794810943
269,-0.519385296551909,1.03191881781522,269,0.22708568920217,0.0375594122214027,269,1.87680241114421,0.0680092791402965,269,0.780732266260904,0.951897440550353,269,-1.18450114747494,3.036930503557
270,-0.197505939389569,0.229173543635227,270,0.22701011587982,0.0378320623129735,270,1.87728868739332,0.0683184619427927,270,0.813267032426538,0.951074738171629,270,-0.11965346010978,2.96760200827783
271,-0.0950742537466324,0.103362373883993,271,0.226811394477661,0.0375753394313968,271,1.87678909607125,0.0684969843655045,271,0.793339160421901,0.955615076505605,271,-0.227178155220289,2.93409606475141
272,-0.263697233394846,0.262215883595914,272,0.227135794911826,0.0376555515303868,272,1.87642134941953,0.0680160575102738,272,0.804764679300765,0.947254901184785,272,-0.311096586288927,2.92837733772485
273,-0.283289502173172,0.271714180155163,273,0.226834458703585,0.0374387536238028,273,1.87709761931656,0.0683224039788885,273,0.80984227201272,0.948265797103499,273,-0.421749678183011,2.94195827511172
275,-6.40047207085318,12.7236775644089,275,0.228665117944156,0.0372603662916431,275,1.87849518781628,0.0674324596820921,275,1.28046058610487,0.814579613954029,275,-1.78546474106893,2.25128659665334
276,-6.013727835076,13.4795881844585,276,0.226744355799631,0.0374861765738345,276,1.87690691434591,0.0680499991225459,276,1.18061784495495,0.838364690168631,276,0.628695949347095,2.69001955477807
277,-0.0557030033047312,0.0558437587089818,277,0.227171998477185,0.0373922706223235,277,1.87685550162014,0.0678394371232939,277,0.832136401370859,0.944894233333537,277,-0.199624953796174,3.01389223349648
278,-4.16439641520057,15.133335811252,278,0.227286695678433,0.0369222685520561,278,1.87649859584756,0.0684334263739532,278,1.02272741984333,0.913983370171008,278,-2.44277952352837,2.41138089868813
279,-1.92573110782283,6.49469463729331,279,0.227074361146906,0.0376050862731241,279,1.8769171625872,0.068162781179698,279,0.899590696111709,0.9392923500294,279,0.563728579515318,2.89781770546634
280,-0.189602643624493,0.255074256648984,280,0.22676275626356,0.0373784231441637,280,1.87704660579972,0.0687806035592081,280,0.842268967260884,0.953411244758516,280,-0.416746696419736,3.02810598574714
281,-0.184896374017246,0.181653115535877,281,0.226779608595478,0.0376252003659357,281,1.87725952426359,0.0682725920299887,281,0.937253311453079,0.94335851320076,281,0.999309433919898,2.96213312873836
283,-6.02603612486255,14.8879102181092,283,0.226455793799441,0.0376642499910035,283,1.87874889214195,0.0684181580454939,283,1.15446424266554,0.839846987131849,283,2.29604871085271,2.1461287320138
284,-0.170666302658029,0.1591464945388,284,0.227064313060552,0.0378516053447947,284,1.87661353085833,0.0682966965428705,284,0.744665464448225,0.974763217311959,284,0.643122334724997,2.97465122071139
286,-0.222572295802523,0.337491222660781,286,0.226732689284956,0.0375599126494886,286,1.87691587983045,0.0683618915359971,286,0.862007967593352,0.936779998483836,286,-1.16728829824523,3.05424332193061
288,-0.255658277703231,0.197246280652033,288,0.226516720235584,0.0373865946309243,288,1.8778385699746,0.067376736452887,288,0.519876045562157,0.989245101202276,288,1.85675562665968,2.51963823744667
289,-0.145098540560621,0.150382042099152,289,0.226794701855804,0.0378189490051231,289,1.87666427439341,0.0681827045120547,289,0.862553963792463,0.953520640909519,289,-0.0654560457645103,2.9684384258904
293,-0.279170982525258,0.358237376342505,293,0.226962155243056,0.0376896924937373,293,1.87690387942504,0.0682252316251803,293,0.829981696047916,0.947066949603897,293,-0.165954182272689,2.95993851252501
294,-0.174050249053089,0.186226797705627,294,0.226951633236831,0.037350033753577,294,1.87691480508258,0.068284753822883,294,0.866755737275283,0.952460147380057,294,-0.104179928423565,3.01609148781239
295,-10.8793518695225,41.9394530766883,295,0.227102004419482,0.0378643318510783,295,1.8774783563026,0.068498955905531,295,1.21199676696044,0.800292403109857,295,0.164914907306744,3.07670583103968
296,-0.364755534683181,1.06280220045845,296,0.226451142780533,0.0376468224735224,296,1.87735356185934,0.0683789826569658,296,0.815277949959265,0.953345475970036,296,-0.850621477364786,3.09918685291837
297,-0.419058708719972,0.288410281781039,297,0.226965617708371,0.0375034339091817,297,1.87671981325854,0.0677678596513268,297,0.752748814753354,0.939013819767323,297,-0.59085716221056,2.78842799215342
298,-0.269584092762079,0.229761563038214,298,0.226844208348799,0.037283003227752,298,1.87668446105724,0.0683888551710756,298,0.736538030178339,0.945780338739597,298,1.18678774877145,2.89366085288022
299,-9.41751210381913,30.7266850895472,299,0.226902695325537,0.0377462376162894,299,1.8781433064996,0.0683861983352275,299,1.0939708645123,0.853004060964059,299,1.4760434363256,2.31920582019219
300,-1.57312729372988,4.20820124247446,300,0.22743761136783,0.0375180585470408,300,1.87752338668661,0.0684526625549676,300,0.389989102082399,0.948478883755507,300,0.871138941988337,2.73298167820424
301,-1.10137044472606,3.39109007331688,301,0.226011072314242,0.0378377573802562,301,1.87677717317352,0.0673409485915004,301,0.593487964422163,0.984450777642079,301,0.713708262001857,2.79188668517003
303,-7.11494112543488,22.102069227919,303,0.227561858872321,0.0365530129336483,303,1.8769625330942,0.0674225678013542,303,1.19143200158817,0.834515164347306,303,1.53246375950866,2.33810019561632
304,-0.133523535473342,0.13568098748623,304,0.226906027256126,0.0375355371890095,304,1.8769532643783,0.0678628997834431,304,0.852978485132813,0.950220473277097,304,-0.0178255960309136,2.98797201188517
305,-0.273087659183758,0.269472028208671,305,0.226826782043938,0.0374081872755602,305,1.87736451987952,0.0678128749064655,305,0.823916868674,0.956165814469841,305,-0.67530010544727,3.01775847480305
306,-0.0578834456958114,0.0607293881951818,306,0.227163823021996,0.0370061531527515,306,1.87659004450176,0.0681630570531031,306,0.826326553253919,0.94516055048962,306,-0.335902391491088,3.06314330007275
307,-0.429846505083416,0.352244243158683,307,0.226920045845399,0.0371851703313097,307,1.87518661846418,0.0680878021261354,307,0.970356802314197,0.935693239397044,307,1.20784505215935,2.74557671353257
308,-0.246505434842246,0.258764627834653,308,0.226948216028661,0.03763180142067,308,1.87697756184124,0.0681762537097328,308,0.840555090295539,0.946868701751847,308,0.141579774950943,3.02177253474816
309,-0.126802258435323,0.137494604443938,309,0.226766760412825,0.0375121683033732,309,1.87705666671417,0.0681366558724577,309,0.818739841872119,0.945909145279344,309,0.143619622335056,3.02964889143917
311,-0.298278497854308,0.305731638497871,311,0.227167010161597,0.0375902413011435,311,1.87667908466652,0.0684685187259828,311,0.980469698550036,0.93988898409289,311,-0.416799243261827,2.9275195581878
312,-0.700798449780347,0.677245897970887,312,0.227370391288797,0.0375012112786713,312,1.8767334277223,0.0683615555988576,312,0.753429852365857,0.946818494839916,312,-0.204550172901552,2.85099273829729
313,-0.145670888527551,0.144686036664416,313,0.226885732882093,0.0376185109299175,313,1.87675578616027,0.068611009937182,313,0.815784606910385,0.949774143545604,313,0.0519594855725477,3.00550705574468
315,-0.266945648161472,0.218057220014981,315,0.227377564738977,0.0375384330983133,315,1.87750494083428,0.0684554879758497,315,0.867890854814386,0.955216067002627,315,0.155075319411343,2.99717092754545
316,-0.794255224060541,1.17694519411901,316,0.226863141016531,0.0373708888869821,316,1.87692248267689,0.0681944002622508,316,0.789854062289362,0.94285410411987,316,-0.767703126049736,2.85157175968176
317,-0.108528115591236,0.113749039999178,317,0.227058705905469,0.037515448077471,317,1.87639093345782,0.0678664434711294,317,0.845898963803638,0.954654037981125,317,-0.239180580987813,2.99379673465592
318,-3.24682001106296,8.03919461303942,318,0.227148193989029,0.037604111872788,318,1.87723097802374,0.0684950009578653,318,0.903266109350786,0.947598471477043,318,1.06712104609545,2.5581127472195
319,-2.75895912549919,3.90420552529009,319,0.225205719767627,0.0359022829385064,319,1.87903307967222,0.0693520903529887,319,1.03244779863245,0.907903238540355,319,-4.22084348100836,2.41515257748644
320,-0.351110270811683,0.445081170472098,320,0.226790079302923,0.0376982576012533,320,1.87697019630484,0.0680799092131522,320,0.827147673605632,0.951325801828637,320,-0.39052296725768,3.02103684912911
321,-0.199999928313819,0.211071772917283,321,0.226814756699953,0.0377154286458771,321,1.87749785470349,0.0678338696352572,321,0.984082564181492,0.941124881923355,321,-0.30321795667618,2.84115138946105
322,-0.180832187090577,0.173945878661315,322,0.226789811887923,0.0373803273748348,322,1.87644108626137,0.0682107900930904,322,0.9496091165656,0.942476526586535,322,0.890929399573331,2.90430882953135
324,-0.902579810269694,0.648426001512297,324,0.228013670177223,0.0379584581011797,324,1.87622357851958,0.0682629673594207,324,1.10983610967637,0.923802238030739,324,0.913537015309307,2.77000008611371
325,-0.293664142214396,0.328881891111759,325,0.226750094364858,0.037753605766164,325,1.87795279085316,0.0680466395724933,325,0.868928214887538,0.950761309287975,325,0.138519069284551,3.0044462412509
326,-1.4982343261381,6.13856793322186,326,0.225736924296986,0.036545575813192,326,1.8769344331634,0.0683082743692732,326,0.304022824312056,1.05179508308613,326,1.58470765202005,2.5663299286308
327,-6.57642683939761,16.3002282223076,327,0.226508577216351,0.037233826802292,327,1.87710125336405,0.0670362061767801,327,1.15271257083303,0.824920453989826,327,1.3754946127745,2.34574361529665
328,-0.335548829583636,0.36857928817402,328,0.227141817722343,0.0376575515341158,328,1.87639966683107,0.0677729171709304,328,0.741707442234667,0.93796247945067,328,-1.00721613042594,2.95062255275648
329,-0.755165762325315,1.06273337768598,329,0.226742558750987,0.0376565006404295,329,1.87712171970323,0.0679700209303868,329,0.92874776527063,0.94000156369779,329,1.01538269064541,2.7970737321234
331,-0.295336772892055,0.25768751966852,331,0.227032646082042,0.0375861140603167,331,1.87699952400264,0.0681439470968113,331,0.795285623938574,0.945701810945168,331,0.118683215543654,3.02212259307694
332,-2.63186404980156,8.87826467865385,332,0.226828990518574,0.0376903182683428,332,1.87673904447661,0.0681677448104116,332,0.950235509079544,0.917053862169706,332,0.341586256206057,2.8952948853865
333,-0.173856563365086,0.166272238719357,333,0.226958759930543,0.0374682291183238,333,1.87715151409765,0.0683281031942018,333,0.819562585557889,0.952123234875612,333,0.137079125038312,3.02374728515052
334,-1.24552051918357,5.50573256427205,334,0.226966039949038,0.0373681089112098,334,1.87614729570839,0.0679374261071426,334,0.609316509191252,1.04221722813265,334,-1.00578552933907,2.85962479243107
335,-15.7493904421074,34.7407528530489,335,0.227364428974846,0.0368630439844686,335,1.87842056367499,0.0677033461663,335,1.03351153263635,0.879415223692136,335,1.35776337222687,2.45665878548468
336,-0.442365461410857,1.00174014533411,336,0.226849497341464,0.0373888332576549,336,1.8760968525291,0.0677900626144929,336,0.748233110084811,0.980167437315569,336,-1.25577239180919,2.98585619828947
337,-0.107514128850105,0.12004916675575,337,0.226903725185039,0.0376051365162127,337,1.87597941993746,0.0681317745943089,337,0.838435506637092,0.947977224692704,337,-0.413709267538732,3.03439209456058
338,-4.5612225830883,18.2303596377005,338,0.226552580624997,0.0378617035120181,338,1.87659190391242,0.0686285002962063,338,0.911054884788329,0.932645556583587,338,1.92096438273085,2.30527792067994
339,-9.02835131689079,13.7316962863051,339,0.230510668255725,0.0396092950537615,339,1.87710179956383,0.0654745105004265,339,1.08820122680672,0.913790999439368,339,-3.6999249042592,1.76439724329499
340,-0.143730968124441,0.147801185470727,340,0.226734997241481,0.0379440391754517,340,1.87707645860097,0.0681582205243843,340,0.836494166529097,0.945451043846209,340,0.327156796406514,2.87839144289473
343,-1.04967815156331,0.652546511911268,343,0.225841973317578,0.0370800835519988,343,1.87609386302573,0.0684129492806566,343,0.563120092522469,0.911261231457818,343,1.45225885054635,2.547722580794
344,-9.12223455866643,16.0833834086188,344,0.227008667464014,0.0389311273602308,344,1.87753807148738,0.0674191173544105,344,0.877268043580324,0.965069589506704,344,1.37805403450991,2.2835139843329
345,-2.00567741143195,8.5981042434481,345,0.226964576960163,0.037580649801599,345,1.87700887992819,0.0681295285038737,345,0.873578932040735,0.948880452488104,345,0.152296685788857,3.02654392240922
346,-10.6348369055358,67.1763808803441,346,0.22677762348652,0.0378669917399052,346,1.87726664530184,0.0678113435408041,346,0.921825697684115,0.928674900199931,346,0.117985457321014,3.03189263529777
347,-2.42068713885122,10.8804386588841,347,0.227535930717428,0.038036340833806,347,1.87399302735425,0.0680061247382789,347,1.05822743152347,0.913628273785145,347,-1.39454117122572,2.76134457859416
348,-0.106338933268751,0.0938289616410451,348,0.226860535758219,0.0377852751324014,348,1.87705752312006,0.0685539493305566,348,0.937191520669083,0.950509194647885,348,0.659793239935584,2.93347271708197
350,-5.00557994657946,11.7080680010844,350,0.22701471626001,0.0373954907549139,350,1.87772945033024,0.0689652828650061,350,0.932831804840307,0.92596219755548,350,1.40602398352868,2.39273537440834
351,-0.239835207143939,0.293488565487768,351,0.226864253148885,0.037578500350432,351,1.87606390172489,0.0681071554282348,351,0.924604279547124,0.950119332326326,351,-0.924929093612705,2.99128055097154
352,-2.07510974527507,12.5157792395685,352,0.226943062815281,0.0375657998950875,352,1.8769073697344,0.0680823419504569,352,0.875657238623957,0.947839830327322,352,0.172495547472036,3.0146094007174
353,-0.419371186122632,0.302639510182105,353,0.226036525920759,0.0380074046723128,353,1.87748159011864,0.0681763396725973,353,0.869642079626128,0.947050023711359,353,0.129158043019451,3.0548156710739
355,-0.11382950222427,0.119246612590159,355,0.227034082274455,0.0374843768667183,355,1.87679209902361,0.0684582038173341,355,1.073906284562,0.960227860794366,355,-0.541849731813982,3.06284616511377
356,-0.106156742934561,0.106273333747762,356,0.226846913372374,0.0377827542189305,356,1.87699047328142,0.0679853061006484,356,0.787191178334373,0.954256707710666,356,0.133225778190115,3.03305450037985
357,-0.291390367289815,0.347950298218117,357,0.227180558390457,0.0375947478898331,357,1.87688623345549,0.0685341611637507,357,0.869759979329182,0.952342835001656,357,0.667294741026085,2.98926185556041
358,-0.304666168442471,0.23946115111907,358,0.227413748289642,0.0372306003118904,358,1.87712378585491,0.0675870918630527,358,0.870464185089061,0.952660613351048,358,1.0082579787205,2.83997240189096
359,-5.5752894170985,14.3327471816624,359,0.22692692943993,0.0373431069167535,359,1.87622726091649,0.0679969824195697,359,1.17715429605208,0.828422790180926,359,0.606773354169546,2.70686019983659
360,-0.116612185951239,0.12104173128376,360,0.226837680438095,0.0374781573278787,360,1.87702444466586,0.0681008572618506,360,0.8445397109228,0.947127366644309,360,-0.13721646706251,3.00533310109578
361,-0.154483897732909,0.172366944316944,361,0.226973866689809,0.0376139767107668,361,1.8770114465619,0.0682792797612665,361,0.840778272013421,0.949245521058355,361,-0.296206941842439,2.99164844797247
363,-0.0776357734529774,0.0807130365813539,363,0.227002858454102,0.0378897852261124,363,1.87642738964774,0.0683806690491897,363,0.829605579149742,0.948681724101976,363,-0.259414524183427,2.98764819382762
364,-0.164452737883927,0.173977890613007,364,0.226716352238389,0.0374644000564996,364,1.87649671297169,0.0684069799245376,364,0.816994644343182,0.949613359071744,364,0.136084024929259,3.03254361525095
365,-0.189426701858558,0.194761282068665,365,0.226668414807877,0.0375328755064617,365,1.87740453088101,0.0677430217209588,365,0.862668238951665,0.953302423769991,365,-0.54705195656241,3.02394722701647
366,-2.17553852252796,9.51994615992863,366,0.226957604780476,0.0375612290393108,366,1.87709125715267,0.0682852197887788,366,0.870838422811501,0.950344124233239,366,0.132248659288995,3.02335583474037
367,-0.103285126524748,0.10508034643533,367,0.22694697483859,0.0377672845790445,367,1.87672007343543,0.0686937909004528,367,0.811765002224188,0.948686783123011,367,-0.117894602301688,3.01279537834323
368,-0.167563694067478,0.1759051719382,368,0.226946327610928,0.03734194085652,368,1.87681107555232,0.0677550369929838,368,0.853954364499245,0.952659729231728,368,-0.00797211850028382,2.97184850188977
369,-0.390081650348439,0.47336143374459,369,0.227164177394499,0.0377689677331153,369,1.8771342500559,0.0678747770083725,369,0.822430059997679,0.945372517737273,369,-0.406964101643893,2.92484874743634
370,-3.85024570433615,10.6636811416006,370,0.226980676171621,0.0374329976505596,370,1.87705072791162,0.0678560317140116,370,0.918098662919764,0.942850945064191,370,0.145960593509676,2.99635070544691
371,-0.187011589149755,0.253538915243609,371,0.226878457663481,0.0377123604175289,371,1.87669425954062,0.0677813955357,371,0.840609856159427,0.952442934664181,371,-0.430165076582468,3.01805604600729
372,-1.10075311391396,0.732637121121981,372,0.22681765681488,0.037891260382638,372,1.87793496440982,0.0683211440204527,372,0.742390738621285,0.918476509924395,372,0.133030884658145,3.06829940820844
375,-0.119503747130189,0.117785592808342,375,0.227033670570824,0.0375621577499401,375,1.87704438608667,0.0681271718323492,375,0.846963651349203,0.951982502502374,375,0.143824810079988,3.03632113937026
376,-0.106048614577559,0.101249219027657,376,0.226921063964332,0.0375191410980102,376,1.8768413791711,0.0676937625563423,376,0.796719314980547,0.955435855188817,376,0.143685498945137,2.97480021952335
377,-0.21843214939735,0.196470353457647,377,0.227024065606316,0.0376652593767609,377,1.8763616777016,0.0684161525078976,377,0.822419619156361,0.941032365196195,377,-0.100543717680155,2.9411928803189
379,-0.487875517265986,0.350909569652386,379,0.227289195796007,0.0380230125904119,379,1.87711369182806,0.0681025212365662,379,0.868300644680574,0.944732643016148,379,0.252606738085829,2.56764158787759
381,-7.95261918816498,16.1269036712963,381,0.227602780413814,0.0378294369927894,381,1.87720913169166,0.0680585093719347,381,1.240504286858,0.788696903187527,381,0.512182562074719,2.65750110228147
384,-0.164867582049242,0.203625961012169,384,0.227013413448355,0.0374353707435461,384,1.87661405173427,0.0683243079831131,384,0.787678385293945,0.950181666844705,384,-0.312518972979542,2.95441179193837
385,-7.73141975485078,15.7695804931737,385,0.227787818712062,0.0373937286439251,385,1.87689501024892,0.0687355247714407,385,0.873971010652171,0.944985480201477,385,0.166875131037985,3.02538054922971
386,-1.22688677994457,1.03901615303737,386,0.226261922147949,0.0375383098185059,386,1.87714146468424,0.0680880357386048,386,0.87025570113807,0.95583495023396,386,0.870692968862133,2.70135352497863
388,-7.93227440974795,16.1788909226215,388,0.227257842045713,0.0376948776906472,388,1.87618783223193,0.0689799673576359,388,1.16823991127256,0.810633966749093,388,1.2784505646377,2.35356085541672
390,-0.305103087832546,0.2757354756287,390,0.227085968964205,0.0373706682802593,390,1.87755477788439,0.0678367178102696,390,0.835795642227374,0.94449933765783,390,-0.641354794235122,2.98164401521088
391,-0.419651238707075,1.07277748618211,391,0.226959637749656,0.0376515520811977,391,1.87725444413066,0.0682988115375411,391,0.743667506711088,0.959705434645381,391,-0.510584281985779,2.94832524532762
392,-5.8172269510579,12.8307195159379,392,0.226901404057497,0.0368890749493416,392,1.87615162203479,0.0697486447189553,392,0.913781690960902,0.932406284499996,392,2.48235414599148,2.0579021082212
393,-0.269127758255336,0.280160850218426,393,0.226812916196271,0.0377560592314001,393,1.87771646990924,0.0682196660722163,393,0.846254256347777,0.947002198161352,393,-0.40262887828078,2.97167590648453
395,-1.27883855361032,2.65536476648731,395,0.227011508941708,0.0375083311151388,395,1.87776057230392,0.0673886937718456,395,0.607583069711374,0.951154289086939,395,0.715489780565998,2.80422406590361
396,-0.150831514453914,0.151636489050662,396,0.227050205890185,0.0376031398222584,396,1.87701058357109,0.0679024067157479,396,0.87186602521707,0.949691868487719,396,0.140665139926378,3.01863419569671
398,-6.05387150290237,13.404746786924,398,0.22722983396351,0.0384098188679201,398,1.87691948166755,0.0682549518108347,398,1.04778174957945,0.892706908507347,398,0.633546872875334,2.69680825490689
401,-0.0746544277782854,0.0734536023755004,401,0.226970379064821,0.0376337978854805,401,1.87683030162875,0.0681767956119242,401,0.8041245804042,0.952829492942295,401,-0.110716662024638,3.00022226454635
402,-3.85620818167247,25.0877173920315,402,0.227277828977826,0.0366205432574707,402,1.87614901313639,0.0673385261259906,402,1.13466725706794,0.898628578183212,402,-0.789212985701997,2.66507960977362
403,-3.5965982149614,6.39598029836214,403,0.226898279159225,0.0397021291245781,403,1.87575131126503,0.0672093836846056,403,0.946555322352623,0.949747644396215,403,-3.2943396264985,2.40888415631185
404,-8.57132164514246,19.7404754498952,404,0.227437040800618,0.0371624838002913,404,1.87561371589434,0.0663613052407518,404,1.0916827901835,0.872546178535822,404,2.55245734693296,1.90222855154251
405,-0.293468153585532,0.331540709009408,405,0.22689299756405,0.0376685223174399,405,1.87650447592155,0.0682785530902747,405,0.915442313430687,0.946358609867471,405,-0.231530204908114,3.01816661330188
407,-0.964464598402371,2.19663471986919,407,0.226961598497446,0.0376304299912171,407,1.87679973090095,0.0682616319719542,407,0.871465581992523,0.952235516050484,407,0.0637175739134099,3.02107751189283
408,-4.96881120333424,25.189071772079,408,0.227358464881678,0.0375467203762796,408,1.87715457643347,0.0679612828093898,408,0.878159468537815,0.954876585149627,408,1.20372026886017,2.54573363525392
409,-0.147244741161896,0.157639925100224,409,0.22681236495691,0.0378989071368424,409,1.87693474634659,0.0689732790949921,409,0.797356689600342,0.954965011879244,409,-0.054304533241738,2.98755125397169
410,-6.76925365315877,14.2401770364197,410,0.227203450839294,0.0377404821904294,410,1.87730939168189,0.0676652761560378,410,0.872015547782974,0.949069890405345,410,0.137651875255564,2.98019799771589
411,-1.96733181250411,8.86541975593696,411,0.226966724449412,0.03757003971032,411,1.87690484236266,0.0681635139732793,411,0.874589819327137,0.952483956744085,411,0.139733394794169,3.02526666007596
412,-0.990929213398598,0.704782653094864,412,0.226326710653545,0.0378536300944947,412,1.87704432436225,0.0681825473488297,412,0.685007291733986,0.9421305344647,412,1.18811416503586,2.69068747559719
413,-5.12125253288238,12.974968109922,413,0.227040040044019,0.0374373777928355,413,1.87709333154663,0.0682289019547866,413,0.92417888022511,0.928322148921987,413,0.154628811826826,3.02246922800164
414,-3.90423015621115,11.9415973086297,414,0.226868029506518,0.0377808547995898,414,1.87704993393177,0.0685123895538222,414,0.912553918199504,0.939663474110119,414,0.510753863115466,2.7838798610099
417,-0.129299597797725,0.13586152607654,417,0.227026806859063,0.0376066917688331,417,1.87653039404006,0.0683485943278059,417,0.840217943099947,0.949703541431473,417,-0.102731441256353,2.98389475878174
419,-2.84477838005474,13.233136235313,419,0.227163618888029,0.0375798617162039,419,1.8772035019342,0.0679447394055885,419,0.970783600913414,0.909507091968133,419,1.48346968769224,2.57075204051548
420,-0.127734349390892,0.140256337196815,420,0.226729172460897,0.0375613471557532,420,1.87680609296174,0.0680971307730734,420,0.87039542811468,0.948541391511992,420,-0.314925222604144,2.99549209779019
421,-1.96318024146289,3.87328250442693,421,0.226890420850683,0.0371082313612308,421,1.87753115248033,0.0676013838896056,421,0.543839107390842,0.937679978963624,421,1.71562919448209,2.45154828008911
423,-9.80238601698675,35.6821178324606,423,0.226836456966863,0.0376589265378593,423,1.87691268021896,0.0684155247957242,423,1.2105339532625,0.829290769783551,423,1.70088908591031,2.30554779275789
424,-0.387011840170897,0.382141414829894,424,0.227057604790189,0.0379045402223103,424,1.87823121902781,0.0681130995080807,424,0.871435072546244,0.944991208310693,424,-0.867754927085712,3.02414210712462
425,-0.352096991726292,0.220046325602236,425,0.227122089245403,0.0381721073935046,425,1.87676259032805,0.0685045048858968,425,0.96900498039088,0.948662837494109,425,1.16862118190974,2.7861399486123
426,-5.10707096982902,10.9502677525574,426,0.226978978246782,0.0373902891518166,426,1.87720937319671,0.0682474611061317,426,0.946546162713186,0.933251145103041,426,0.644500649758015,2.67522410766037
427,-0.0664734187095292,0.0680794796443884,427,0.226744541298291,0.0379303601630739,427,1.87707132152845,0.0682396231058013,427,0.835438481677262,0.955093771352187,427,-0.244978119657549,3.02871611223696
429,-2.9246631414268,6.24802819275212,429,0.227599345784505,0.0363061117386681,429,1.87892896315731,0.0664250769839587,429,0.208128782675486,0.959666169541976,429,0.777322092086675,2.71295379459757
431,-0.108379203841431,0.11273887650245,431,0.227060918380777,0.0376244307642472,431,1.87699720778954,0.068110417437966,431,0.867116673469592,0.944777147830975,431,-0.171008056869854,2.98379685223004
432,-0.30166869831468,0.286777542294171,432,0.226349854699937,0.0381443329672137,432,1.87725673412723,0.0685066615867496,432,0.871184253540532,0.955357437770727,432,-0.818039276586601,2.98962232061271
433,-0.295643517485978,0.323943951754435,433,0.226938232417332,0.0373121811562017,433,1.87746728555943,0.0679920342277536,433,0.72700665531622,0.964434469164983,433,-0.894561673241008,2.89602598527408
435,-0.120979097071068,0.124642051195975,435,0.22705961014838,0.0378141695233345,435,1.87694852313879,0.0680052905891176,435,0.945704473767662,0.954486457236285,435,-0.219269793043191,3.03950446835969
436,-0.19356845749383,0.176086604867718,436,0.227101592164087,0.0375696547125551,436,1.87568634249177,0.0683140021184373,436,0.836188447848755,0.94813260015242,436,0.552561716630103,2.82159084461339
438,-7.16013304079825,26.2332671297916,438,0.227173274433749,0.0372864011222144,438,1.87586537266075,0.0680458268711433,438,0.875486448883067,0.957358057175018,438,2.5984857456431,2.04266004524841
439,-7.5849514379919,18.2368889768021,439,0.227227660140222,0.0368689621093257,439,1.87720511623818,0.0687077899836568,439,1.14213144938216,0.841790084563583,439,2.32981968010925,2.17616083443488
442,-0.230600708726368,0.240650606439793,442,0.226683018966739,0.0374735217951777,442,1.87716038728472,0.068282762051289,442,0.871985529606433,0.951042579880945,442,0.141641207261588,3.05960804947858
445,-8.32995107032851,20.5761502276303,445,0.227239285010107,0.0380224842181802,445,1.87807512414801,0.0688953429410413,445,1.1793921592074,0.831266723330336,445,1.64887163047705,2.30567941585294
446,-0.293886873730733,0.369905119693959,446,0.226822835161416,0.0377753359765153,446,1.87700923327983,0.0679587836004381,446,0.896341518095946,0.950223428720458,446,-0.120429020011411,2.98313696100504
448,-0.185263720045023,0.176376413346417,448,0.227123704273369,0.0373474832265069,448,1.87657464817013,0.0683409518530261,448,0.872302053770649,0.953887113126211,448,0.14283930623078,3.03807401797957
450,-1.01320742884504,0.874471567051343,450,0.227844385459549,0.0372890627057346,450,1.87685366804724,0.0677323463867523,450,0.614299083559538,0.935895913861082,450,0.127784640663903,2.99348770923483
451,-1.0913347412863,2.09743832113171,451,0.22754889471044,0.037699225026956,451,1.87795954680051,0.0681699739011447,451,0.697126662333326,0.949689860299761,451,-0.651272197731499,2.76525672034381
454,-0.125829367773953,0.1318416499069,454,0.226910312650364,0.037482089503683,454,1.87660672844737,0.0681969417943627,454,0.859170228084738,0.952842721330821,454,-0.0458353376248012,3.01547848413588
455,-4.59232244212411,17.8191891970456,455,0.227012181106339,0.0379382055235882,455,1.8774513701808,0.0682196475043847,455,0.912154203892226,0.942727247777711,455,1.09296975870743,2.55141812396808
457,-0.430303230841516,0.691604254688857,457,0.227361531941008,0.0382820858514215,457,1.8768532203353,0.0678022143372851,457,1.01277580049088,0.946605650098476,457,-1.14207600641451,3.12771398734945
458,-0.203626173946918,0.234688330539034,458,0.226960421762781,0.0376604866875988,458,1.87663750666943,0.0680816339158538,458,0.864489466434766,0.956120955361413,458,-0.15442062780726,3.00565974088834
459,-10.5993876083723,18.18932034171,459,0.227467573230585,0.0396034439295117,459,1.87893223725569,0.0663848685747957,459,1.08544164315491,0.829579156429505,459,2.7216463753283,1.86644070772068
461,-0.2091997841993,0.204494360750165,461,0.226682880393965,0.0376306526231022,461,1.87747115284356,0.0683468257357184,461,0.870158983701717,0.951585683079671,461,0.130415003490877,3.02567762942941
462,-3.65879556446787,4.63728068289521,462,0.22751947028021,0.0312351657491424,462,1.87250375105784,0.0672156465213017,462,1.37432610280778,0.880507377488199,462,-5.01724914804082,2.42608775966417
464,-0.217130939807256,0.23405032229597,464,0.227306041218776,0.0374259366913029,464,1.87658196878909,0.0678856640109044,464,0.868068164179979,0.952261223058482,464,0.139749569951388,3.02762415088981
465,-0.63098201307181,2.67162699687808,465,0.226863883005089,0.0374653483096916,465,1.8764946138357,0.0682042804224364,465,0.821017660610813,0.947590837357465,465,-0.879947437467443,3.03251665513763
466,-0.32761147815527,0.244790037360084,466,0.227118677194446,0.0376624136704447,466,1.8766322523737,0.0680739137174266,466,0.73304439520642,0.959473376232141,466,0.117655029471191,3.01870655607111
468,-4.91868631821336,13.7945441063048,468,0.226751755667347,0.0365645668729771,468,1.87618698543487,0.067382811888163,468,0.957860082496481,0.925492173499848,468,-1.63131675927639,2.27282240148241
471,-0.717706191029487,0.870616470177073,471,0.227123210803863,0.0374303321811087,471,1.87703340493773,0.0681438523475828,471,0.872105616876034,0.947328516721883,471,0.128382993811866,3.00355788858379
473,-0.333406871833346,0.376707486831054,473,0.227010131747075,0.0375329409268431,473,1.87651427321849,0.0684833571610401,473,0.865373121018731,0.951643496298737,473,0.816033411560799,2.90592568455548
475,-9.23251238064633,22.4996288252182,475,0.22738641600937,0.0375277032581993,475,1.87686421274395,0.068294992754973,475,0.868572962614383,0.950396276973091,475,0.148332011375875,3.0699683857784
476,-0.663003015039026,1.60870878948388,476,0.227569132344074,0.037311126938931,476,1.87583870007954,0.0687392283105194,476,0.67000897521299,0.954044081816461,476,-1.61067219838602,2.84639009444249
477,-0.852203693240355,0.76490338545548,477,0.227551757370413,0.0375936560521886,477,1.87873046528246,0.0691567456851867,477,0.799545999334201,0.891701672406941,477,-2.65003544296794,2.7744100868475
478,-1.55113306874431,2.42846583909189,478,0.22723582834659,0.0374608400111705,478,1.87748583127162,0.0682382220313841,478,0.490056951090488,0.936130276265155,478,0.904286237183915,2.694692572517
479,-0.659210245899289,0.658669520898063,479,0.226620585000293,0.037489211347022,479,1.87655309394482,0.0678342896775578,479,0.971079606564135,0.912411053872174,479,-0.541597970647731,2.78602879821728
480,-1.04384208590587,3.2935457870565,480,0.227415061661532,0.0376998557467117,480,1.87715618919536,0.0681645984994417,480,0.674067511060404,0.94608788847893,480,-0.735897371038616,2.76660119875634
482,-0.107187875505397,0.10862134341235,482,0.226873354452417,0.037830163507971,482,1.87687398709213,0.0682266109339262,482,0.866894998951539,0.94873001732523,482,-0.109384937711454,3.00023420348883
483,-1.06944911348531,0.896404258925625,483,0.226552949518275,0.0374202297724998,483,1.8769998589849,0.068106950828912,483,0.865008043137002,0.946314258016504,483,0.128914953359269,3.05398449047563
484,-0.81451104874224,0.840629304165899,484,0.226732553166011,0.0377190688606048,484,1.8771025200096,0.0682041038552717,484,0.870660843781939,0.954760022818169,484,0.155426557654771,3.00201476143502
485,-8.54281307839005,18.8578480293257,485,0.226970534722265,0.0367240969167457,485,1.87637597192765,0.0687750623408984,485,0.912251533885086,0.925847860332271,485,1.28653927044618,2.260241688388
486,-0.181961678376574,0.179866792517529,486,0.227006278615404,0.0376758330585272,486,1.87737938391276,0.0686048328337379,486,0.868340841360472,0.94929615694344,486,0.154677084371355,3.01113075210547
487,-2.66970176503732,8.92042216068611,487,0.226967462800646,0.0374824434238757,487,1.8774723459131,0.0682415682473723,487,0.871221883585626,0.954787828146181,487,1.53788965711489,2.54457456759584
488,-5.46679918258753,11.7037886258073,488,0.227067760132757,0.0378438550787677,488,1.8775974011334,0.067345216463211,488,1.04130321086118,0.882233893624279,488,1.28873006146253,2.40063710179766
489,-7.10614828236767,16.3982170431332,489,0.227581949022204,0.0385985673529979,489,1.87770603339193,0.0686286914382415,489,0.939269667283122,0.921538303520003,489,0.674135881003009,2.66906639692683
490,-5.49746133261768,24.567475474608,490,0.227258187469745,0.0377325068474559,490,1.87761741513129,0.0686210518731993,490,0.867502841143191,0.947272415170449,490,1.1916202017546,2.51341703235942
492,-4.06409396577805,10.9577328538056,492,0.226701785138061,0.0389170652325953,492,1.87851842856028,0.0685745192225528,492,0.958082105760597,0.913729659433884,492,-3.10909596212506,2.22473171189905
493,-0.391458147781692,0.745741547223543,493,0.226272887181257,0.0375051161543882,493,1.87719119683708,0.0674262258661585,493,0.700722680187432,0.973260638280928,493,-0.607683142241988,2.99987714248014
500,-0.393503716335479,0.373457147375277,500,0.22695891004168,0.0376120257360872,500,1.87667772919646,0.0683563657261247,500,0.867243579922975,0.955375384150901,500,-0.6383903028699,2.90267944905389
503,-0.650873298670346,1.38646056328218,503,0.227275537814084,0.0374046926545403,503,1.87656602124243,0.0678705898407278,503,0.675847168943616,0.973280509761447,503,-0.465368500511755,2.74280747892675
505,-1.25641916199072,1.56550979099786,505,0.225762568923862,0.0368869195122503,505,1.87560646585848,0.0674252706740148,505,0.418849129977498,0.947285889095389,505,3.02992690228596,2.24704888428202
506,-1.29145599418551,2.35296978211022,506,0.22682896211182,0.0378633354077726,506,1.87645151425151,0.0685501501414899,506,0.595544410183499,0.962421519001738,506,0.137300676178457,3.02901776013377
507,-0.318163719790396,0.359753407356162,507,0.226727822583539,0.037769210632577,507,1.87707664412875,0.0679638663568147,507,0.781750588504528,0.944054418599555,507,-0.627900551856797,2.94041218885621
509,-0.209628490488165,0.237698372246508,509,0.227155819773835,0.0374208968757046,509,1.87681181971971,0.0677724622164559,509,0.998577065623812,0.942082247092408,509,-0.702825834045473,2.98206640462854
510,-0.115513414748981,0.114978815091939,510,0.226952872508838,0.0376742170321937,510,1.87689951197105,0.0680681059950064,510,0.81237423375257,0.96191873701119,510,0.150011467153646,3.02241646570216
511,-6.33152742394099,15.2742377877647,511,0.226646753958352,0.0372043983488716,511,1.87745550240751,0.0676005402794233,511,0.880016778913434,0.94643732163581,511,0.633484090932675,2.69491958372231
512,-0.131638564355781,0.135760068106881,512,0.227049693440329,0.0376451189526676,512,1.87677644843379,0.0682354938929083,512,0.833661607616486,0.95047419240377,512,0.019498221625272,3.00393812334531
514,-1.6836202336646,5.85114436531753,514,0.227319921286982,0.0365272574293235,514,1.86430032825566,0.0817379506939934,514,0.537409917924676,1.089079413216,514,-0.805145043139439,2.89738893113535
515,-5.71828292724586,13.3076704306109,515,0.226111909987894,0.0370335935430051,515,1.87663660251613,0.0687699613067797,515,1.08539097151913,0.894935371519339,515,-3.12345329217917,1.79632954569381
517,-0.117029019727086,0.124703595171326,517,0.226800417135605,0.0372823453367476,517,1.87697326062476,0.068314074421085,517,0.872050585470396,0.959779760853812,517,-0.272590692938437,3.03482801923222
518,-0.442988452490096,0.219260679468996,518,0.227183376258596,0.0373060282849029,518,1.87526785790943,0.0695075693209887,518,0.788787250776868,0.933771998195723,518,1.9380099499728,2.56266611088673
521,-0.269044880997353,0.31788524428402,521,0.22711318722545,0.0376912636776998,521,1.87678026502781,0.0678973053876011,521,0.755979267368395,0.956998275496685,521,-0.32012849000382,2.94358300340889
523,-0.235511635258692,0.171945019648741,523,0.226998129917573,0.0377313855149232,523,1.87824702409725,0.0684924406914459,523,0.808979957553075,0.945707627994954,523,0.141712116517971,2.98724618877222
525,-0.237636536107297,0.138679999589145,525,0.226514012736986,0.0374836189745211,525,1.87704565176829,0.0682929234877456,525,1.22257105183747,0.927693317073704,525,0.138841425262382,3.08281461179412
527,-0.235485907174797,0.291026760950645,527,0.226962528966324,0.0376204928806968,527,1.87691213089852,0.0682041819192445,527,0.823875282522981,0.946759313476339,527,-0.195990576606989,2.96697607237565
528,-0.379973188492841,0.350786756280749,528,0.22730920226075,0.0375731177849116,528,1.8768857727591,0.0680537645764434,528,0.801461822861302,0.943636325347298,528,0.157999748369269,3.05186573076565
529,-8.28627195201685,16.5720778389307,529,0.227137146885757,0.0370696689781547,529,1.8767527860345,0.068415681744582,529,1.06195987097392,0.882900723414762,529,0.136740322820873,3.05879886225469
530,-0.437635320680467,0.70501460688251,530,0.226878245146016,0.0376607353120277,530,1.87715338455445,0.0682792258538816,530,0.832722772949149,0.953444593091874,530,0.00145468342287243,2.9948235772284
531,-3.92593121911263,11.3670256292059,531,0.227130871849454,0.0375866687184404,531,1.87704792144267,0.0684947773946638,531,0.897951075300275,0.940536466045191,531,0.141752575194522,3.0251747879898
534,-0.615105490011345,1.14256861016369,534,0.226946920328682,0.0375362238022131,534,1.87718085691776,0.0681082238275866,534,0.84746825908032,0.950403806185614,534,-0.0252948081694863,3.00640390708989
535,-2.60797474908298,33.7696741119451,535,0.226948662403937,0.0376168286166034,535,1.87690620654424,0.0681851620687791,535,0.871035426487137,0.950242882953016,535,0.143661592010323,3.02829135407862
536,-4.20624044540916,12.977608667915,536,0.226960940010384,0.0374211657026403,536,1.87720964958295,0.0681650318877304,536,0.880689884005287,0.954057148531459,536,1.19046398279927,2.52200689704816
538,-0.850880808367279,0.393571747120456,538,0.226840119581033,0.0375510242690103,538,1.87878597551899,0.0676765828398161,538,0.597870948943316,0.948425030440233,538,0.104804436420537,3.06638173820613
540,-0.0766503082272145,0.0761391928096256,540,0.227057537872077,0.0376621863742981,540,1.87678113179913,0.0685078952219362,540,0.809194750894949,0.950165111049945,540,-0.158243340483266,3.03681582031499
543,-0.128243795070735,0.123926676994329,543,0.226941366038156,0.0376766329520956,543,1.87663854954219,0.0682844508858317,543,0.845465874283226,0.948314570735094,543,-0.0302232855671599,3.00083045474067
545,-0.0572649965106294,0.0523663714127612,545,0.226785122117617,0.037878134284172,545,1.87658115903464,0.0679947234356429,545,0.759325923518606,0.966850340701041,545,0.155801086835162,3.03521757402379
547,-3.55867997821854,11.971110982525,547,0.226983192433584,0.0375446416367809,547,1.87722861498782,0.0677454997216397,547,0.968972999322943,0.919351730720363,547,0.912163678944097,2.63515133612308
548,-0.579176947219098,0.5491899839557,548,0.227049502519164,0.0375507965727602,548,1.87736689305872,0.0680833956767611,548,0.715096898367512,0.969767299164762,548,0.147042132143094,3.03319779398221
549,-6.77039153683134,14.1702737124995,549,0.227573899883616,0.0377146603295109,549,1.87707318270094,0.0680308820902399,549,0.874134705508543,0.948263107762996,549,0.648996876518585,2.68991308433169
553,-9.00561271117203,23.7686897036886,553,0.227859870357808,0.0365754405081507,553,1.87606954380192,0.0675814556227245,553,1.31753898631689,0.765411060841099,553,0.599074003441537,2.66350946834169
554,-0.372173480738074,0.358550412084094,554,0.226975431118634,0.0375116050931249,554,1.87635365488672,0.0681388482417615,554,0.94170306172457,0.941213974268846,554,0.138932270909976,3.03569530788404
555,-1.38345764372852,1.36676057902804,555,0.226910538504108,0.0374618535427095,555,1.87684255610173,0.0680373331378856,555,0.555469879512712,0.997027913589876,555,0.164028908316876,3.04784489933459
556,-0.339857578046541,0.335600986740812,556,0.226892934414434,0.0377766124198758,556,1.87715483057278,0.0681752280369806,556,0.725251932383833,0.952644433235222,556,0.156061419909071,3.05352694943113
557,-2.24939426975867,13.5060400957169,557,0.227069255195727,0.0375179978074948,557,1.87701835388471,0.0681443729579962,557,0.877638364813103,0.949564537836759,557,0.583823213851414,2.91160399716817
561,-1.89851675458714,2.67966367559378,561,0.226831710983549,0.0379673134402842,561,1.87807285342265,0.0670529540841961,561,0.422056465250085,0.934841399576699,561,1.89854002564716,2.31556197972107
562,-0.535194437533967,0.363512572501655,562,0.22683530235321,0.0379528802026794,562,1.87749900879117,0.0677193765090968,562,0.892843079708814,0.933808760665167,562,0.128156136851246,3.07023462138097
563,-0.267908492535795,0.276225693530391,563,0.226963185977448,0.037359225496116,563,1.87684073365118,0.067641483834614,563,0.865253171146161,0.950031228812498,563,-0.758340818808916,2.91135952761822
564,-0.204744251955821,0.255278521800689,564,0.226846947389844,0.0374698361541471,564,1.87662537722347,0.0684118566625773,564,0.830980217232021,0.94600002818267,564,-0.244665772688016,2.97274759582869
565,-3.85255823001152,13.3860498789097,565,0.227004041531062,0.0377799174217874,565,1.87681603059714,0.068631420758206,565,0.959556062327366,0.917735497936283,565,0.139412534262455,3.03990006839875
567,-0.593919102433553,0.53584740289779,567,0.226636421379244,0.0373614696271289,567,1.87689533303201,0.0684098432322946,567,0.958074073569592,0.906324284954627,567,0.147970680580838,3.03596110879705
568,-0.09825687297011,0.101956496476777,568,0.226957628365615,0.037915373972838,568,1.87691885299813,0.0684731788151219,568,0.868583323697803,0.947174600390757,568,-0.0670914921025249,3.03074733909747
571,-5.11042218812133,13.499446870041,571,0.228004283301984,0.038088202590393,571,1.87694961184923,0.0687650184220298,571,0.984019587604489,0.945248412679493,571,-0.164881030076776,1.67511013547256
572,-0.0977658148837306,0.107997189133861,572,0.226943555334039,0.0373454417399988,572,1.87619427222348,0.0685996562731533,572,0.799402154051392,0.954480048257402,572,0.432862478067515,2.94489774671898
573,-0.82695157156659,0.553271748328536,573,0.227376274687308,0.0378988255765141,573,1.87747513956296,0.0680805344549717,573,0.600158854276279,0.918163865359681,573,2.13496829793189,2.38289822434546
575,-0.114078899569235,0.110182649461423,575,0.226808077412937,0.0376936136048421,575,1.87679649287419,0.0682664292634016,575,0.827113570890398,0.95145213806483,575,0.141694572894497,3.0508073348533
576,-1.37641822514632,3.84203793576137,576,0.227049755073385,0.0375739511629939,576,1.87698151731521,0.0681836314270694,576,0.862357474018241,0.950047304232234,576,0.144173096658504,3.02578234382757
578,-0.296490994812972,0.292970457512458,578,0.226632836473203,0.0374461895542181,578,1.87630626547681,0.0687143943808278,578,0.87036780022319,0.953884757918159,578,-0.53978252640987,2.96902619348063
579,-1.78269337744863,7.82253681098586,579,0.227547094227265,0.0376046773246997,579,1.87652002593609,0.0679008106147085,579,0.933506524551902,0.927855280946418,579,-1.20246148386015,2.99664969130905
580,-0.15131627897583,0.208890355982971,580,0.226740108544261,0.0375894920956647,580,1.87690228182552,0.0679652037302008,580,0.754809961180784,0.961905330260381,580,-0.770440546833599,3.08180632735004
581,-0.442274087547591,0.456941260582228,581,0.227118471638385,0.0376064548819064,581,1.87732864645581,0.0681775176611614,581,0.61983775202278,0.977407718902068,581,0.163769506093668,3.0042379721913
582,-6.65854462247138,11.6285540909705,582,0.227266318689136,0.0375739119513256,582,1.87638196613617,0.0690125029656488,582,1.0045042878746,0.892007715423538,582,2.2681048664385,2.03566859927475
583,-0.997564719020556,1.10817629827549,583,0.226746711041342,0.0373388499870468,583,1.87756197721279,0.0690584022374201,583,0.664720184154875,0.962076894280084,583,1.44892031466798,2.58059388929157
584,-2.16503282116043,8.06899481602238,584,0.226906237675113,0.0375314905893273,584,1.8769210035294,0.0682959591106106,584,0.895907718421776,0.938583310130415,584,0.231792213287147,2.97467078573833
585,-3.00653572618727,8.25104664205369,585,0.227017840190741,0.0375474009345045,585,1.87711165194097,0.0683840989289892,585,0.896623591095738,0.941689174195534,585,0.887503319240575,2.65994739931609
586,-3.18636441382622,15.1684049321164,586,0.22684339294003,0.0374817980544861,586,1.87724015702773,0.0680002281860107,586,0.931583618577839,0.936975776283031,586,0.59412487564736,2.82085178574204
588,-1.87101325428035,6.61682703181799,588,0.227063120644831,0.0375839432049975,588,1.87693861891524,0.0681927253597308,588,0.872050799085814,0.950992516508663,588,0.143959911190138,3.02249592404998
589,-0.113204786737927,0.1136854426902,589,0.226838746192661,0.037719563200539,589,1.8766616869711,0.0676099005538462,589,0.810880818318988,0.947605915697414,589,0.725243527722427,3.06493685112229
590,-0.71210285190868,0.756799406841821,590,0.226928742818984,0.0377376253081498,590,1.87667416203544,0.0693586073570528,590,0.854668097258451,0.939536483093771,590,-0.122081062047001,2.65572378243091
591,-0.463522390281185,0.495473786343988,591,0.226826681458646,0.0370453604856272,591,1.87639406631722,0.0684664574013273,591,0.760500187045905,0.937392814033634,591,0.452512446036305,2.53384069792779
592,-1.50434290917233,4.49226877827183,592,0.226997646767079,0.037608831516751,592,1.87686912867729,0.0681745958341271,592,0.86900471417316,0.949284056688803,592,0.111578027554101,3.02049714743377
593,-0.10574819259484,0.111203656135905,593,0.227051463408628,0.0378178572557277,593,1.87699210145196,0.0689853812606807,593,0.865497649116905,0.94841958196722,593,0.665077189212847,3.01408959249601
594,-0.381177959081193,0.351257275982813,594,0.2267373922462,0.0380409110098177,594,1.87602769686402,0.0678187287148142,594,0.571628866245323,0.983777108742879,594,-0.546234817450105,2.83105077611599
595,-4.34887391207486,12.4919339643078,595,0.227228695076558,0.0377631527235688,595,1.87698597184524,0.0685852357017734,595,0.875533745532394,0.95100332610512,595,0.526360023075856,2.79051167109458
596,-1.80818574532819,4.37359256318445,596,0.226111456598847,0.0368657116249043,596,1.87773937382685,0.0689084526820756,596,0.86070253163618,0.952949566534077,596,-3.13109351510138,2.94546421603777
597,-0.349804112872638,0.487995877393442,597,0.226778002366486,0.037997324608389,597,1.8764130260114,0.0673979873134123,597,0.870685102339604,0.951007261174586,597,-0.797390323546004,3.08820665483951
599,-1.1081074511045,0.636783274682477,599,0.226262368977069,0.038283348175972,599,1.87702613580883,0.0690248670170682,599,0.883610248853582,0.890806929611878,599,0.123762236397141,3.00693211194245
600,-7.6141442586511,13.9953585430427,600,0.227934315356563,0.0373249104826959,600,1.87879101532854,0.0683041910613209,600,1.2366984260957,0.825138195331238,600,1.39664255633621,2.32171596297521
602,-0.276307934109418,0.218673807224295,602,0.227022341985657,0.0373881919916834,602,1.87681731549337,0.067771449372166,602,0.903681759148052,0.93810892077136,602,0.146778316521728,3.06955146947225
603,-9.85668638745106,25.3930120935392,603,0.226625111669795,0.0377644396194917,603,1.87831868721385,0.0677045788353016,603,1.25118525479989,0.826823310884605,603,1.48034866480904,2.33918329220368
604,-0.115745262727282,0.122441993481846,604,0.226800088733945,0.0375319155897495,604,1.87706237485746,0.0684144416598424,604,0.829310432511205,0.952890327535651,604,-0.193471809431222,2.9976098173596
606,-0.225554821193492,0.25370198913192,606,0.226758152618018,0.037813954810295,606,1.87675945621869,0.0679897043338777,606,0.869609418342981,0.949615788505638,606,0.143482207776501,3.021669637614
607,-5.18684997930267,9.96790976349711,607,0.226887733626617,0.0383523393430676,607,1.87787602446693,0.0677417172638596,607,1.14882895314074,0.882222470938507,607,-0.308645593201812,1.59612169175291
608,-10.1750390329855,62.6671929464988,608,0.227014660350637,0.0375509623109572,608,1.87696038938208,0.0676881578747878,608,0.9311921751501,0.941639057989489,608,0.133877184280141,3.0130363001192
609,-0.42497548182609,0.338954597497384,609,0.227108518087193,0.0377263169540041,609,1.8773907936204,0.0681399198082319,609,0.73303616472552,0.959327198098398,609,0.152017230402216,3.00425047893604
610,-7.94127345196649,13.9940205801465,610,0.226955222779763,0.0373027282352237,610,1.87780349211425,0.0684862658219503,610,1.17056958653602,0.810356886768136,610,1.29318064933252,2.34206298956422
613,-0.151270167872965,0.152467273412694,613,0.226848108971663,0.0373843084697147,613,1.87682941577849,0.0686396621722471,613,0.813757272080117,0.948380413729436,613,0.138923004103846,3.00352606135862
614,-0.150717033062517,0.171739385500816,614,0.227051949774252,0.0377427001453847,614,1.87703725396307,0.0674346442844371,614,0.826186146644202,0.949464928142666,614,-0.344895799461854,2.99241209142057
615,-5.90011921246627,24.4503281985205,615,0.22730247222542,0.0379567865014146,615,1.87710280480807,0.0681569094931415,615,0.86061993511494,0.950311583541227,615,1.31361857413339,2.40014896709877
616,-0.258614100774594,0.255599244535196,616,0.226949064309903,0.0375795501623249,616,1.87669794731481,0.0681594386823949,616,0.712892391225878,0.954553042312698,616,0.443996288228847,2.75998458761016
617,-0.212651616865909,0.17898565030699,617,0.227100983858589,0.0379377030277383,617,1.87673644285328,0.0675099353818277,617,0.832371527591848,0.948093152029818,617,1.14072387756838,2.93987129180117
618,-0.124901561085949,0.126291885958886,618,0.22689860275224,0.0376140261930098,618,1.87653489268067,0.0684539470613623,618,0.867658241274953,0.953730698135329,618,0.0270118310733432,2.9992283905436
619,-0.299620720691029,0.407734547990063,619,0.226932396773758,0.0375194014629172,619,1.87671543064432,0.0682371147660948,619,0.83354199371731,0.949712026672047,619,-0.257616345627926,2.9286784287969
620,-0.299494942278124,0.283974011885679,620,0.226992147957261,0.0377770832078298,620,1.87700713830152,0.0682779684740271,620,0.844009736823393,0.945816041518577,620,-0.6328153103844,2.97604784560917
621,-0.971662909732973,1.5462331601119,621,0.227238877346698,0.0384168521494579,621,1.87825001057975,0.0685476332369048,621,0.629669750923446,0.959229620578767,621,0.257828406532989,2.41008621538137
622,-1.20432815902138,2.76465101188867,622,0.226867613820579,0.0378183167869277,622,1.87621804480107,0.06732662672825,622,0.71600832302553,0.937938985245259,622,-0.213183758783958,2.52542875886321
623,-0.194543962583751,0.222026066510205,623,0.226960526600462,0.0373745078957109,623,1.87708663689141,0.068252652126659,623,0.718552849096539,0.96657399417997,623,0.144661033955185,2.99896121428233
626,-0.126445113957979,0.127279758645284,626,0.226917436303396,0.0374640469352436,626,1.87670114166478,0.0679393129882065,626,0.842115885477615,0.949005594837377,626,-0.176253359274014,2.98702927183537
627,-0.201553754410065,0.234064701769122,627,0.226897536053429,0.037622060379683,627,1.87703941424951,0.0681200744710733,627,0.851094785832005,0.946719987857062,627,-0.207864256282804,2.96398146850679
628,-0.116537921825123,0.146138939670392,628,0.226819170350312,0.0376953233696069,628,1.87658222800692,0.068147063815946,628,0.799262128151141,0.951437662887525,628,-0.557712948788387,3.03775809211571
629,-11.8230696150235,20.9527914085583,629,0.227030753276945,0.036919374801241,629,1.87678048391458,0.0666031828373165,629,1.26455656682921,0.761687679946906,629,0.137631691471281,3.04931487194833
630,-0.153572051072271,0.195513175689291,630,0.226979883596582,0.0377141767457573,630,1.87655395381095,0.0680661563136125,630,0.78808481238181,0.955853810705748,630,-0.331378715454766,2.98604736645243
631,-8.43675355762666,14.5154409305557,631,0.226484343394838,0.0380433009325584,631,1.87835009522596,0.0688567016353641,631,1.20563794856694,0.80160207057787,631,1.30770396449124,2.40067527088705
632,-0.160598720758062,0.175385440976921,632,0.226888682235226,0.0375377940935767,632,1.87699402440508,0.0681473726500194,632,0.82699623586278,0.949255563464566,632,-0.0866693173099613,2.97658573842441
633,-5.70622001684671,18.0398710586057,633,0.2273801565447,0.0374809039770649,633,1.87388982790751,0.0617758887554465,633,1.06873932912217,1.02179902043075,633,-1.93326458233482,1.76236988752158
635,-10.7435782143462,15.2725904833001,635,0.226903740445283,0.0380477667072416,635,1.87559526770331,0.0690020575814919,635,1.279896811105,0.794124097489593,635,2.58147086344585,1.88192812382146
636,-0.433823412904599,0.361879382193905,636,0.227573973502051,0.0386723980597917,636,1.87532321679299,0.0675459932973498,636,0.873401295651957,0.942628567835471,636,1.27348558142285,2.56945358513817
637,-0.0968489100474141,0.0946383080666062,637,0.227036749503777,0.0376854536431243,637,1.87706910835761,0.0684396965224134,637,0.85956499407832,0.947303490115574,637,0.128054166919579,3.03703993275929
638,-0.161554222866048,0.180033193635202,638,0.226757390173907,0.0376861124433673,638,1.87664735743216,0.0679154371443152,638,0.841403517612717,0.949345397507865,638,-0.275318200881364,2.9362899621302
640,-8.696594709649,16.543239128442,640,0.227208698300353,0.0375893291255611,640,1.87706370138856,0.0684886740056284,640,0.910305749320637,0.933994214341043,640,0.184282795803737,3.09434935429846
641,-0.264909769536951,0.216689208310753,641,0.226766570550386,0.0377453385267516,641,1.87558866827555,0.0683513277840774,641,1.01896717424643,0.944415928400448,641,-0.564098273747616,2.89722126863272
642,-0.0953988855163731,0.0938068777774683,642,0.226950371451235,0.0376452243909164,642,1.87677146495625,0.0675836058029123,642,0.828231886228347,0.954084283779509,642,0.140280038035988,3.02207164171921
643,-0.445744382045135,1.55116008441214,643,0.227306984885868,0.0372360458405864,643,1.87694612830735,0.0690501788105573,643,0.758713017113345,0.959946328848402,643,-0.971041506623406,2.9505576047524
644,-0.569960714851018,1.00718407410941,644,0.22678065729966,0.0376181224443345,644,1.87707568279688,0.06779594261066,644,0.75397617200483,0.948214273959509,644,-0.520511554336319,2.88202739248351
645,-0.143910928180434,0.177239352078288,645,0.226904853398247,0.0376027551347274,645,1.87668687415392,0.0676398862690661,645,0.832552255873583,0.947113947623166,645,-0.494756532886059,3.01566493004055
646,-0.118070731494679,0.152297676923246,646,0.226961612590571,0.0375776976235501,646,1.87686923055741,0.0682047915163719,646,0.804517132774478,0.954516342864306,646,-0.528470763050583,3.05540218139928
649,-3.04929767099566,8.02977309767968,649,0.227025912147998,0.0374679235014271,649,1.87704496684103,0.0680485515774427,649,0.98570561088495,0.906116160320508,649,0.158047984534072,3.04587590924705
650,-7.68096991802948,16.9638122397306,650,0.227893514830847,0.037300288480634,650,1.87659667459754,0.0687627205801391,650,0.871235285325276,0.957571597169044,650,0.657939933292366,2.6779232865018
651,-0.204728541376941,0.235675808077189,651,0.226681019156164,0.0373749517513267,651,1.87701529908154,0.0683715831492032,651,0.816726562147821,0.950909044869335,651,-0.00558038457184208,2.98378247552
653,-5.04536772004883,16.7365214141802,653,0.226770769726884,0.0376371856305629,653,1.87697372119082,0.0681430265708867,653,0.940753064176026,0.934698667372941,653,0.610167611907533,2.74318379412192
655,-0.33242942956947,0.319765360044035,655,0.227144498752382,0.0376405595577466,655,1.87707082826257,0.068288441010849,655,0.869020439519082,0.94723837666998,655,0.616585742421079,2.93901125175481
656,-2.69334503788495,9.19202395396628,656,0.226998029006885,0.0375689938203462,656,1.87690616440202,0.0679829740604045,656,0.870238877072576,0.948924952111247,656,0.359455021300643,2.89194379979556
658,-0.190480155911213,0.168362803725275,658,0.22696611997814,0.037789965061674,658,1.87733442374018,0.0681598769637755,658,0.887127740130762,0.943369500516224,658,0.130409156601394,3.04465112252463
660,-2.58233919281055,6.4534738368,660,0.227153520007195,0.0377216093769077,660,1.87720751348081,0.0685276215844676,660,0.93612308403755,0.929296011712379,660,-1.90962353686613,2.84009189552853
661,-3.37808609656375,8.50959534481991,661,0.22730030990445,0.0372632492290346,661,1.87741939021913,0.0681957974837073,661,0.872737911091642,0.944207333512144,661,-1.91555055431384,2.70806195849143
662,-1.05811453808818,0.613286448872662,662,0.226761420872883,0.0371863519761586,662,1.87700641529759,0.0677896277731608,662,0.795120007588438,0.875324721990309,662,0.114836570312463,2.97278810016808
663,-4.67931658934347,16.3534718054666,663,0.226992994554703,0.037525532413759,663,1.87668567056017,0.0675619702460759,663,1.19553926738769,0.843396857667036,663,-1.50642645717341,2.45404830924281
664,-1.22042713626763,3.295417106813,664,0.225663699610082,0.0381792202287139,664,1.87765577209138,0.0686143063463551,664,0.38245200360128,0.957351846248965,664,1.16284752030318,2.64770476931807
665,-3.0652270884112,13.1344266248855,665,0.227120434951967,0.0375682650017813,665,1.87737267404194,0.0682691561465054,665,0.875334196978678,0.950573537699103,665,0.695340591725631,2.74046213220375
666,-0.0975700179510447,0.097214932771635,666,0.226781020841129,0.0378370215480526,666,1.8768318028464,0.0682524042311006,666,0.811888258043364,0.949612504664331,666,0.141301323037145,3.04855749618022
667,-5.18112166849917,11.1816039457024,667,0.22724249019133,0.0383775938709914,667,1.87815195856233,0.067278628783713,667,1.04115877149524,0.914067227983918,667,-3.10881259732272,1.91546979915499
668,-0.497054359702768,0.384276254108731,668,0.226969403042577,0.0376265187075862,668,1.87687725668313,0.0682448227114769,668,0.865673371710987,0.954345908424679,668,0.154530927012465,2.97518434958005
669,-1.11196280820871,0.849150537269386,669,0.226906597441505,0.0375399336980283,669,1.87692004099873,0.068108644645681,669,0.869620728626597,0.951525760309933,669,0.14547949555214,3.00482718780857
670,-0.463460216322722,0.411015293951445,670,0.226687643073993,0.0375330702095595,670,1.87690718589096,0.0678994283842114,670,0.730057973843871,0.936955818898184,670,0.148829586875567,3.00622606938791
